features_id,features,propertyType,zoning
0,"{""cooling"": true, ""coolingType"": ""Central"", ""exteriorType"": ""Brick Veneer"", ""fireplace"": true, ""floorCount"": 1, ""foundationType"": ""Slab / Mat / Raft"", ""garage"": true, ""garageSpaces"": 1, ""garageType"": ""Attached"", ""heating"": true, ""heatingType"": ""Central"", ""roofType"": ""Composition Shingle"", ""unitCount"": 1}",Single Family,Unknown
1,NaN,Single Family,Unknown
2,"{""cooling"": true, ""coolingType"": ""Commercial"", ""exteriorType"": ""OTHER"", ""fireplace"": true, ""floorCount"": 1, ""foundationType"": ""Block"", ""garage"": true, ""garageType"": ""Garage"", ""heating"": true, ""heatingType"": ""Central"", ""roofType"": ""Fiberglass"", ""unitCount"": 1}",Single Family,R1
3,"{""architectureType"": ""Conventional"", ""cooling"": true, ""coolingType"": ""Commercial"", ""exteriorType"": ""Wood"", ""fireplace"": true, ""floorCount"": 2, ""garage"": true, ""garageSpaces"": 2, ""garageType"": ""Attached"", ""heating"": true, ""heatingType"": ""Forced Air"", ""roofType"": ""Composition Shingle"", ""unitCount"": 1}",Single Family,RR
4,"{""cooling"": true, ""coolingType"": ""Central"", ""exteriorType"": ""Stucco"", ""floorCount"": 1, ""foundationType"": ""Slab / Mat / Raft"", ""garage"": true, ""garageType"": ""Garage"", ""roofType"": ""Tile"", ""unitCount"": 1}",Single Family,PUD
5,"{""architectureType"": ""Conventional"", ""cooling"": true, ""coolingType"": ""Central"", ""exteriorType"": ""Aluminum / Vinyl Siding"", ""floorCount"": 1, ""foundationType"": ""Raised"", ""garage"": true, ""garageType"": ""Carport"", ""heating"": true, ""heatingType"": ""Forced Air"", ""roomCount"": 4, ""unitCount"": 1}",Single Family,10-RS6
6,"{""architectureType"": ""Raised Ranch"", ""cooling"": true, ""coolingType"": ""Central"", ""exteriorType"": ""Wood"", ""fireplace"": true, ""floorCount"": 1, ""garage"": true, ""garageSpaces"": 2, ""garageType"": ""Attached"", ""heating"": true, ""heatingType"": ""Central"", ""roofType"": ""Asphalt"", ""unitCount"": 1, ""roomCount"": 7}",Single Family,R
7,"{""cooling"": true, ""coolingType"": ""Central"", ""exteriorType"": ""Brick"", ""floorCount"": 1, ""foundationType"": ""Slab / Mat / Raft"", ""garage"": true, ""garageType"": ""Mixed"", ""heating"": true, ""heatingType"": ""Central"", ""roofType"": ""Composition Shingle"", ""unitCount"": 1}",Single Family,RS
8,"{""cooling"": true, ""coolingType"": ""Central"", ""exteriorType"": ""Brick / Stone"", ""fireplace"": true, ""fireplaceType"": ""2 Story"", ""floorCount"": 1, ""foundationType"": ""Slab / Mat / Raft"", ""garage"": true, ""garageType"": ""Attached"", ""heating"": true, ""heatingType"": ""Central"", ""roofType"": ""Asphalt"", ""unitCount"": 1}",Single Family,Unknown
9,"{""cooling"": true, ""coolingType"": ""Commercial"", ""exteriorType"": ""Stucco"", ""floorCount"": 1, ""foundationType"": ""Slab / Mat / Raft"", ""garage"": true, ""garageType"": ""Attached"", ""heating"": true, ""roofType"": ""Asphalt"", ""roomCount"": 7, ""unitCount"": 1}",Single Family,RSF2
10,"{""architectureType"": ""Ranch"", ""cooling"": true, ""coolingType"": ""Central"", ""exteriorType"": ""Stucco"", ""fireplace"": true, ""floorCount"": 1, ""garage"": true, ""garageSpaces"": 2, ""garageType"": ""Attached"", ""heating"": true, ""heatingType"": ""Central"", ""pool"": true, ""roofType"": ""Composition Shingle"", ""roomCount"": 4, ""unitCount"": 1}",Single Family,RSF-4.5 RES SFR 4.5 DU/GA
11,"{""cooling"": true, ""coolingType"": ""Commercial"", ""exteriorType"": ""Stucco"", ""floorCount"": 1, ""foundationType"": ""Slab / Mat / Raft"", ""garage"": true, ""garageType"": ""Attached"", ""heating"": true, ""heatingType"": ""Forced Air"", ""pool"": true, ""roofType"": ""Asphalt"", ""roomCount"": 6, ""unitCount"": 1}",Single Family,RSF3
12,{},Unknown,Unknown
13,NaN,Land,Unknown
14,"{""floorCount"": 1, ""unitCount"": 1}",Single Family,R3A
15,"{""architectureType"": ""Split Level"", ""cooling"": true, ""coolingType"": ""Central"", ""exteriorType"": ""Other"", ""fireplace"": true, ""fireplaceType"": ""Masonry"", ""foundationType"": ""Raised"", ""garage"": true, ""garageType"": ""Attached"", ""heating"": true, ""heatingType"": ""Central"", ""roofType"": ""Composition Shingle"", ""roomCount"": 5}",Single Family,Unknown
16,"{""architectureType"": ""Townhouse"", ""cooling"": true, ""coolingType"": ""Commercial"", ""exteriorType"": ""Brick"", ""fireplace"": true, ""floorCount"": 2, ""garage"": true, ""garageType"": ""Garage"", ""heating"": true, ""heatingType"": ""Forced Air"", ""roofType"": ""Built-up"", ""unitCount"": 1}",Townhouse,R-8
17,"{""architectureType"": ""Traditional"", ""cooling"": true, ""coolingType"": ""Central"", ""exteriorType"": ""Brick Veneer"", ""floorCount"": 1, ""foundationType"": ""Slab / Mat / Raft"", ""garage"": true, ""garageSpaces"": 1, ""garageType"": ""Carport"", ""heating"": true, ""heatingType"": ""Central"", ""roomCount"": 6, ""unitCount"": 1}",Single Family,Unknown
18,"{""exteriorType"": ""Concrete Block"", ""fireplace"": true, ""floorCount"": 1, ""garage"": true, ""garageType"": ""Garage"", ""heating"": true, ""roomCount"": 6, ""unitCount"": 1}",Single Family,R1-8
19,"{""cooling"": true, ""coolingType"": ""Central"", ""exteriorType"": ""Brick Veneer"", ""fireplace"": true, ""fireplaceType"": ""Prefab"", ""floorCount"": 1, ""foundationType"": ""Slab / Mat / Raft"", ""garage"": true, ""garageType"": ""Garage"", ""heating"": true, ""heatingType"": ""Electric"", ""roofType"": ""Composition Shingle"", ""unitCount"": 1}",Single Family,Unknown
20,"{""fireplace"": true, ""floorCount"": 1, ""garage"": true, ""garageType"": ""Mixed"", ""unitCount"": 1}",Single Family,Unknown
21,"{""architectureType"": ""Ranch / Rambler"", ""cooling"": true, ""coolingType"": ""Central"", ""exteriorType"": ""Stucco"", ""fireplace"": true, ""floorCount"": 1, ""garage"": true, ""garageSpaces"": 3, ""garageType"": ""Attached Garage"", ""heating"": true, ""heatingType"": ""Steam"", ""roomCount"": 9, ""unitCount"": 1}",Single Family,A
22,"{""architectureType"": ""Ranch"", ""cooling"": true, ""coolingType"": ""Commercial"", ""exteriorType"": ""Aluminum / Vinyl Siding"", ""fireplace"": true, ""floorCount"": 1, ""garage"": true, ""garageType"": ""Attached"", ""heating"": true, ""heatingType"": ""Forced Air"", ""pool"": true, ""poolType"": ""Pool, Plastic w/ Vinyl Lining"", ""roomCount"": 6, ""unitCount"": 1}",Single Family,A
23,"{""exteriorType"": ""Other"", ""floorCount"": 1, ""foundationType"": ""Footing"", ""heating"": true, ""heatingType"": ""Forced Air"", ""roofType"": ""Composition Shingle"", ""unitCount"": 1}",Single Family,RES
24,"{""cooling"": true, ""coolingType"": ""Commercial"", ""exteriorType"": ""Wood"", ""floorCount"": 1, ""foundationType"": ""Slab / Mat / Raft"", ""garage"": true, ""garageSpaces"": 1, ""garageType"": ""Detached"", ""roofType"": ""Shingle"", ""unitCount"": 1}",Single Family,Unknown
25,"{""cooling"": true, ""coolingType"": ""Central"", ""floorCount"": 1, ""garage"": true, ""garageSpaces"": 2, ""garageType"": ""Garage"", ""heating"": true, ""heatingType"": ""Central"", ""unitCount"": 1}",Single Family,Unknown
26,"{""architectureType"": ""Modern"", ""cooling"": true, ""coolingType"": ""Commercial"", ""exteriorType"": ""Wood"", ""fireplace"": true, ""floorCount"": 2, ""garage"": true, ""garageType"": ""Attached"", ""heating"": true, ""heatingType"": ""Forced Air"", ""unitCount"": 1}",Single Family,RS-1
27,"{""cooling"": true, ""coolingType"": ""Commercial"", ""exteriorType"": ""Wood"", ""floorCount"": 1, ""foundationType"": ""Block"", ""garage"": true, ""garageType"": ""Detached"", ""heating"": true, ""heatingType"": ""Forced Air"", ""roofType"": ""Asphalt"", ""roomCount"": 5}",Single Family,Unknown
28,"{""architectureType"": ""Colonial"", ""cooling"": true, ""coolingType"": ""Central"", ""exteriorType"": ""Aluminum / Vinyl Siding"", ""fireplace"": true, ""fireplaceType"": ""Prefab"", ""floorCount"": 2, ""foundationType"": ""OTHER"", ""garage"": true, ""garageType"": ""Attached"", ""heating"": true, ""heatingType"": ""Central"", ""roofType"": ""Asphalt"", ""roomCount"": 8, ""unitCount"": 1}",Single Family,LB:R6
29,"{""architectureType"": ""Colonial"", ""exteriorType"": ""Wood"", ""floorCount"": 2, ""foundationType"": ""Other"", ""garage"": true, ""garageSpaces"": 2, ""garageType"": ""Detached Garage"", ""heating"": true, ""heatingType"": ""Forced Air"", ""roofType"": ""Asphalt"", ""roomCount"": 6, ""unitCount"": 1}",Single Family,19R1
30,"{""exteriorType"": ""Brick Veneer"", ""floorCount"": 1, ""foundationType"": ""Slab / Mat / Raft"", ""roomCount"": 6, ""unitCount"": 1, ""roofType"": ""Shingle""}",Single Family,PUD
31,"{""architectureType"": ""Ranch"", ""cooling"": true, ""coolingType"": ""Central"", ""exteriorType"": ""Brick Veneer"", ""fireplace"": true, ""floorCount"": 1, ""foundationType"": ""OTHER"", ""garage"": true, ""garageType"": ""Attached"", ""heating"": true, ""heatingType"": ""Forced Air"", ""roofType"": ""Composition Shingle"", ""unitCount"": 1}",Single Family,Unknown
32,"{""exteriorType"": ""Aluminum Siding"", ""floorCount"": 2, ""garage"": true, ""garageType"": ""Attached"", ""heating"": true, ""heatingType"": ""Forced Air""}",Single Family,SD
33,"{""architectureType"": ""Condo / Apartment"", ""cooling"": true, ""coolingType"": ""Commercial"", ""exteriorType"": ""Brick / Stone"", ""floorCount"": 1, ""heating"": true, ""unitCount"": 1, ""viewType"": ""Average""}",Condo,Unknown
34,"{""architectureType"": ""Traditional"", ""cooling"": true, ""coolingType"": ""Central"", ""exteriorType"": ""Aluminum / Vinyl Siding"", ""floorCount"": 1, ""foundationType"": ""Raised"", ""garage"": true, ""garageSpaces"": 1, ""garageType"": ""Carport"", ""heating"": true, ""heatingType"": ""Central"", ""roomCount"": 6, ""unitCount"": 1}",Single Family,Unknown
35,"{""cooling"": true, ""coolingType"": ""Central"", ""fireplace"": true, ""fireplaceType"": ""Masonry"", ""floorCount"": 1, ""foundationType"": ""Raised"", ""garage"": true, ""garageSpaces"": 3, ""garageType"": ""Attached"", ""heating"": true, ""heatingType"": ""Central"", ""roofType"": ""Asphalt"", ""roomCount"": 5}",Single Family,Unknown
36,"{""architectureType"": ""Traditional"", ""cooling"": true, ""coolingType"": ""Central"", ""exteriorType"": ""Brick Veneer"", ""fireplace"": true, ""floorCount"": 1, ""foundationType"": ""Slab / Mat / Raft"", ""garage"": true, ""garageSpaces"": 2, ""garageType"": ""Attached"", ""heating"": true, ""heatingType"": ""Central"", ""roofType"": ""Composition Shingle"", ""unitCount"": 1}",Single Family,Unknown
37,"{""floorCount"": 1, ""garage"": true, ""garageSpaces"": 2, ""garageType"": ""Garage"", ""roomCount"": 6, ""unitCount"": 1, ""heating"": true, ""heatingType"": ""Central""}",Single Family,R8
38,"{""architectureType"": ""Ranch"", ""exteriorType"": ""Wood"", ""fireplace"": true, ""floorCount"": 1, ""heating"": true, ""heatingType"": ""Forced Air"", ""pool"": true, ""poolType"": ""In-Ground Vinyl Pool"", ""unitCount"": 1}",Single Family,R40
39,"{""architectureType"": ""Contemporary"", ""exteriorType"": ""Stucco"", ""fireplace"": true, ""floorCount"": 1, ""garage"": true, ""garageSpaces"": 2, ""garageType"": ""Attached"", ""heating"": true, ""heatingType"": ""Central"", ""roofType"": ""Composition Shingle"", ""roomCount"": 6, ""unitCount"": 1, ""cooling"": true, ""coolingType"": ""Central""}",Single Family,R1
40,"{""garage"": true, ""garageSpaces"": 4, ""garageType"": ""Garage"", ""unitCount"": 1}",Single Family,R1
41,"{""architectureType"": ""Duplex"", ""floorCount"": 2, ""garage"": true, ""garageType"": ""Garage"", ""unitCount"": 2}",Duplex-Triplex,R3-2
42,"{""architectureType"": ""Conventional"", ""cooling"": true, ""coolingType"": ""Central"", ""exteriorType"": ""Brick Veneer"", ""fireplace"": true, ""fireplaceType"": ""Single"", ""floorCount"": 1, ""foundationType"": ""Slab / Mat / Raft"", ""garage"": true, ""garageType"": ""Mixed"", ""heating"": true, ""heatingType"": ""Central"", ""roofType"": ""Composition Shingle"", ""roomCount"": 5, ""unitCount"": 1}",Single Family,R1
43,"{""architectureType"": ""Condo / Apartment"", ""floorCount"": 1, ""pool"": true}",Condo,Unknown
44,"{""architectureType"": ""Conventional"", ""exteriorType"": ""Brick"", ""fireplace"": true, ""floorCount"": 1, ""foundationType"": ""Masonry"", ""heating"": true, ""heatingType"": ""Floor / Wall"", ""roofType"": ""Asphalt"", ""roomCount"": 5, ""unitCount"": 1}",Single Family,RS9
45,NaN,Apartment,Unknown
46,"{""architectureType"": ""Ranch"", ""cooling"": true, ""coolingType"": ""Central"", ""exteriorType"": ""Composition"", ""fireplace"": true, ""floorCount"": 1, ""garage"": true, ""garageType"": ""Attached"", ""heating"": true, ""heatingType"": ""Central"", ""roomCount"": 8, ""unitCount"": 1}",Single Family,205
47,"{""architectureType"": ""Conventional"", ""cooling"": true, ""coolingType"": ""Commercial"", ""floorCount"": 1, ""garage"": true, ""garageSpaces"": 1, ""garageType"": ""Garage"", ""heating"": true, ""heatingType"": ""Central"", ""roomCount"": 10, ""unitCount"": 1}",Single Family,LCR17500*
48,"{""cooling"": true, ""coolingType"": ""Central"", ""exteriorType"": ""Other"", ""fireplace"": true, ""floorCount"": 1, ""foundationType"": ""OTHER"", ""garage"": true, ""garageSpaces"": 2, ""garageType"": ""Garage"", ""heating"": true, ""heatingType"": ""Heat Pump"", ""roofType"": ""Wood Shingle"", ""unitCount"": 1}",Single Family,R-10
49,{},Single Family,Unknown
50,"{""architectureType"": ""Traditional"", ""cooling"": true, ""coolingType"": ""Central"", ""exteriorType"": ""Wood"", ""fireplace"": true, ""fireplaceType"": ""Masonry"", ""floorCount"": 2, ""foundationType"": ""Concrete"", ""garage"": true, ""garageSpaces"": 2, ""garageType"": ""Garage"", ""heating"": true, ""heatingType"": ""Central"", ""unitCount"": 1}",Single Family,RCH
51,"{""architectureType"": ""Condo / Apartment"", ""unitCount"": 1}",Condo,Unknown
52,NaN,Unknown,Unknown
53,"{""cooling"": true, ""coolingType"": ""Central"", ""exteriorType"": ""Frame / Masonry"", ""fireplace"": true, ""fireplaceType"": ""Single"", ""floorCount"": 1, ""garage"": true, ""garageType"": ""Attached"", ""heating"": true, ""heatingType"": ""Central"", ""roofType"": ""Composition Shingle"", ""unitCount"": 1, ""pool"": true}",Single Family,J
54,"{""architectureType"": ""Ranch"", ""cooling"": true, ""coolingType"": ""Central"", ""exteriorType"": ""Wood"", ""fireplace"": true, ""floorCount"": 1, ""foundationType"": ""OTHER"", ""garage"": true, ""garageSpaces"": 2, ""garageType"": ""Attached"", ""heating"": true, ""heatingType"": ""Heat Pump"", ""roofType"": ""Composition Shingle"", ""roomCount"": 6, ""unitCount"": 1}",Single Family,Unknown
55,"{""architectureType"": ""Traditional"", ""exteriorType"": ""Aluminum / Vinyl Siding"", ""fireplace"": true, ""floorCount"": 2, ""garage"": true, ""garageSpaces"": 1, ""garageType"": ""Detached"", ""heating"": true, ""heatingType"": ""Forced Air"", ""unitCount"": 1}",Single Family,02 - SINGLE RESIDENCE
56,"{""floorCount"": 1, ""unitCount"": 1}",Single Family,RES AG COUNTY
57,"{""architectureType"": ""Modern"", ""cooling"": true, ""coolingType"": ""Central"", ""fireplace"": true, ""floorCount"": 1, ""garage"": true, ""garageSpaces"": 2, ""garageType"": ""Attached"", ""heating"": true, ""heatingType"": ""Central"", ""roofType"": ""Tile"", ""roomCount"": 9, ""unitCount"": 1}",Single Family,Unknown
58,{},Apartment,Unknown
59,"{""cooling"": true, ""coolingType"": ""Commercial"", ""exteriorType"": ""Vinyl"", ""fireplace"": true, ""fireplaceType"": ""Prefab"", ""floorCount"": 1, ""foundationType"": ""Slab / Mat / Raft"", ""garage"": true, ""garageType"": ""Attached"", ""heating"": true, ""heatingType"": ""Forced Air"", ""roofType"": ""Shingle"", ""roomCount"": 6, ""unitCount"": 1}",Single Family,RG
60,"{""architectureType"": ""Ranch"", ""cooling"": true, ""coolingType"": ""Commercial"", ""exteriorType"": ""Brick"", ""floorCount"": 1, ""garage"": true, ""garageType"": ""Detached"", ""heating"": true, ""heatingType"": ""Forced Air"", ""roomCount"": 5, ""unitCount"": 1}",Single Family,RS6
61,"{""floorCount"": 2}",Single Family,Unknown
62,"{""cooling"": true, ""coolingType"": ""Central"", ""exteriorType"": ""Aluminum / Vinyl Siding"", ""floorCount"": 2, ""heating"": true, ""heatingType"": ""Central"", ""roomCount"": 6, ""unitCount"": 1}",Single Family,R5
63,"{""architectureType"": ""Townhouse"", ""cooling"": true, ""coolingType"": ""Central"", ""exteriorType"": ""Wood"", ""fireplace"": true, ""floorCount"": 2, ""foundationType"": ""Slab / Mat / Raft"", ""heating"": true, ""heatingType"": ""Central"", ""roofType"": ""Asphalt"", ""roomCount"": 6}",Townhouse,MR
64,"{""floorCount"": 2, ""roomCount"": 6, ""unitCount"": 1}",Single Family,RH1
65,"{""architectureType"": ""Cape Cod"", ""cooling"": true, ""coolingType"": ""Central"", ""exteriorType"": ""Wood"", ""fireplace"": true, ""floorCount"": 1, ""heating"": true, ""heatingType"": ""Hot Water"", ""roomCount"": 7, ""unitCount"": 1}",Single Family,R-2
66,"{""fireplace"": true, ""floorCount"": 1, ""unitCount"": 1}",Single Family,RA
67,"{""architectureType"": ""Old Style"", ""cooling"": true, ""coolingType"": ""Central"", ""exteriorType"": ""Wood"", ""floorCount"": 2, ""garage"": true, ""garageSpaces"": 2, ""garageType"": ""Detached"", ""roofType"": ""Shingle"", ""unitCount"": 1}",Single Family,Unknown
68,"{""architectureType"": ""Cape Cod"", ""cooling"": true, ""coolingType"": ""Evaporative"", ""exteriorType"": ""Aluminum / Vinyl Siding"", ""fireplace"": true, ""floorCount"": 1, ""foundationType"": ""Block"", ""heating"": true, ""heatingType"": ""Forced Air"", ""roofType"": ""Composition Shingle"", ""unitCount"": 1}",Single Family,RS-MD
69,"{""cooling"": true, ""coolingType"": ""Commercial"", ""exteriorType"": ""Brick / Stone"", ""fireplace"": true, ""fireplaceType"": ""Single"", ""floorCount"": 1, ""foundationType"": ""OTHER"", ""garage"": true, ""garageType"": ""Attached"", ""heating"": true, ""heatingType"": ""Forced Air"", ""unitCount"": 1}",Single Family,Unknown
70,"{""architectureType"": ""Bungalow"", ""cooling"": true, ""coolingType"": ""Central"", ""exteriorType"": ""Aluminum / Vinyl Siding"", ""floorCount"": 1, ""foundationType"": ""Block"", ""garage"": true, ""garageSpaces"": 1, ""garageType"": ""Attached"", ""roofType"": ""Asphalt"", ""roomCount"": 7, ""unitCount"": 1}",Single Family,TR-C1
71,"{""exteriorType"": ""Shingle"", ""floorCount"": 1, ""garage"": true, ""garageSpaces"": 1, ""garageType"": ""Detached"", ""heating"": true, ""heatingType"": ""Forced Air"", ""roofType"": ""Asphalt""}",Single Family,R1
72,"{""architectureType"": ""Ranch"", ""cooling"": true, ""coolingType"": ""Central"", ""exteriorType"": ""Brick"", ""fireplace"": true, ""floorCount"": 1, ""garage"": true, ""garageSpaces"": 2, ""garageType"": ""Attached"", ""heating"": true, ""heatingType"": ""Central"", ""roofType"": ""Shingle"", ""roomCount"": 6, ""unitCount"": 1}",Single Family,Unknown
73,"{""cooling"": true, ""coolingType"": ""Refrigeration"", ""exteriorType"": ""Aluminum / Vinyl Siding"", ""floorCount"": 2, ""foundationType"": ""Block"", ""garage"": true, ""garageSpaces"": 2, ""garageType"": ""Detached"", ""heating"": true, ""heatingType"": ""Floor / Wall"", ""roofType"": ""Composition Shingle"", ""unitCount"": 1, ""architectureType"": ""Split Level""}",Duplex-Triplex,Unknown
74,"{""architectureType"": ""Ranch / Rambler"", ""exteriorType"": ""Wood"", ""floorCount"": 1, ""foundationType"": ""Crawl / Raised"", ""heating"": true, ""heatingType"": ""Baseboard"", ""roofType"": ""Composition Shingle"", ""roomCount"": 5}",Single Family,R1
75,"{""architectureType"": ""Modern"", ""cooling"": true, ""coolingType"": ""Central"", ""fireplace"": true, ""floorCount"": 1, ""garage"": true, ""garageSpaces"": 3, ""garageType"": ""Attached"", ""heating"": true, ""heatingType"": ""Central"", ""roofType"": ""Tile"", ""roomCount"": 9, ""unitCount"": 1}",Single Family,Unknown
76,"{""architectureType"": ""Townhouse"", ""cooling"": true, ""coolingType"": ""Commercial"", ""exteriorType"": ""Wood"", ""floorCount"": 2, ""garage"": true, ""garageType"": ""Basement"", ""heating"": true, ""heatingType"": ""Forced Air"", ""roofType"": ""Composition Shingle"", ""unitCount"": 1}",Single Family,RTOLE
77,"{""exteriorType"": ""Concrete Block"", ""floorCount"": 1, ""roofType"": ""Other"", ""unitCount"": 1}",Single Family,"0100:SINGLE FAM,GENERAL"
78,"{""cooling"": true, ""coolingType"": ""Refrigeration"", ""floorCount"": 1, ""garage"": true, ""garageSpaces"": 2, ""garageType"": ""Garage""}",Single Family,RS4
79,"{""heating"": true, ""heatingType"": ""Forced Air"", ""roofType"": ""Asphalt"", ""unitCount"": 1, ""cooling"": true, ""coolingType"": ""Central"", ""floorCount"": 1}",Single Family,RES 12 EDEN
80,"{""architectureType"": ""Ranch / Rambler"", ""cooling"": true, ""coolingType"": ""Central"", ""exteriorType"": ""Brick Veneer"", ""fireplace"": true, ""foundationType"": ""Footing"", ""garage"": true, ""garageSpaces"": 3, ""garageType"": ""Garage"", ""heating"": true, ""heatingType"": ""Forced Air"", ""roofType"": ""Composition Shingle""}",Single Family,RS
81,{},Land,Unknown
82,NaN,Condo,Unknown
83,"{""architectureType"": ""Condo / Apartment"", ""exteriorType"": ""Siding"", ""floorCount"": 3, ""heating"": true, ""heatingType"": ""Electric""}",Apartment,VILLA
84,"{""architectureType"": ""Condo / Apartment"", ""cooling"": true, ""coolingType"": ""Central"", ""exteriorType"": ""Stucco"", ""fireplace"": true, ""floorCount"": 1, ""garage"": true, ""garageSpaces"": 1, ""garageType"": ""Carport"", ""heating"": true, ""heatingType"": ""Forced Air"", ""roofType"": ""Tile"", ""roomCount"": 4, ""unitCount"": 1}",Condo,Unknown
85,"{""architectureType"": ""Ranch"", ""cooling"": true, ""coolingType"": ""Central"", ""exteriorType"": ""Stucco"", ""fireplace"": true, ""floorCount"": 1, ""garage"": true, ""garageType"": ""Attached"", ""heating"": true, ""heatingType"": ""Forced Air"", ""pool"": true, ""poolType"": ""Pool and Hot Tub / Spa"", ""roofType"": ""Tile"", ""unitCount"": 1}",Single Family,AG-2
86,"{""architectureType"": ""Ranch"", ""cooling"": true, ""coolingType"": ""Central"", ""exteriorType"": ""Metal"", ""floorCount"": 1, ""foundationType"": ""Block"", ""heating"": true, ""heatingType"": ""Forced Air"", ""roofType"": ""Composition Shingle"", ""roomCount"": 6}",Single Family,Unknown
87,"{""cooling"": true, ""coolingType"": ""Refrigeration"", ""exteriorType"": ""Block"", ""floorCount"": 1, ""heating"": true, ""heatingType"": ""Forced Air"", ""roofType"": ""Asphalt"", ""roomCount"": 7, ""unitCount"": 1}",Single Family,Unknown
88,NaN,Manufactured,Unknown
89,"{""floorCount"": 1, ""garage"": true, ""garageType"": ""Garage"", ""roomCount"": 7, ""unitCount"": 1}",Single Family,Unknown
90,"{""architectureType"": ""Conventional"", ""cooling"": true, ""coolingType"": ""Commercial"", ""exteriorType"": ""OTHER"", ""fireplace"": true, ""floorCount"": 2, ""garage"": true, ""garageSpaces"": 2, ""garageType"": ""Attached"", ""heating"": true, ""heatingType"": ""Forced Air"", ""roofType"": ""Composition Shingle"", ""roomCount"": 9, ""unitCount"": 1, ""pool"": true}",Single Family,R100CSO-SINGLE-FAMILY CON
91,"{""architectureType"": ""Ranch"", ""cooling"": true, ""coolingType"": ""Central"", ""exteriorType"": ""Aluminum / Vinyl Siding"", ""floorCount"": 1, ""foundationType"": ""OTHER"", ""garage"": true, ""garageSpaces"": 1, ""garageType"": ""Detached"", ""heating"": true, ""heatingType"": ""Central"", ""roofType"": ""Asphalt"", ""roomCount"": 3, ""unitCount"": 1}",Single Family,R-60
92,"{""architectureType"": ""Conventional"", ""floorCount"": 1, ""garage"": true, ""garageSpaces"": 1, ""garageType"": ""Garage"", ""heating"": true, ""heatingType"": ""Floor / Wall"", ""roomCount"": 6, ""unitCount"": 1}",Single Family,TORR-LO
93,"{""cooling"": true, ""coolingType"": ""Central"", ""exteriorType"": ""Stucco"", ""floorCount"": 2, ""garage"": true, ""garageType"": ""Garage"", ""heating"": true, ""heatingType"": ""Forced Air"", ""roofType"": ""Composition Shingle""}",Single Family,PD
94,"{""cooling"": true, ""coolingType"": ""Central"", ""exteriorType"": ""Log"", ""fireplace"": true, ""floorCount"": 1, ""garage"": true, ""garageType"": ""Garage"", ""heating"": true, ""heatingType"": ""Forced Air"", ""roofType"": ""Composition Shingle"", ""unitCount"": 1}",Single Family,PUD
95,"{""cooling"": true, ""coolingType"": ""Commercial"", ""exteriorType"": ""Adobe"", ""fireplace"": true, ""floorCount"": 2, ""garage"": true, ""garageSpaces"": 2, ""garageType"": ""Garage"", ""heating"": true, ""heatingType"": ""Forced Air"", ""roomCount"": 6, ""unitCount"": 1}",Single Family,Unknown
96,"{""exteriorType"": ""OTHER"", ""fireplace"": true, ""floorCount"": 2, ""foundationType"": ""Raised"", ""garage"": true, ""garageSpaces"": 1, ""garageType"": ""Garage"", ""heating"": true, ""heatingType"": ""Forced Air"", ""roofType"": ""Composition Shingle"", ""roomCount"": 6}",Single Family,Unknown
97,"{""cooling"": true, ""coolingType"": ""Commercial"", ""exteriorType"": ""Brick"", ""floorCount"": 2, ""heating"": true, ""heatingType"": ""Forced Air"", ""roomCount"": 7, ""unitCount"": 1}",Single Family,RES PLANNED CMNTY
98,"{""architectureType"": ""A-Frame"", ""cooling"": true, ""coolingType"": ""Central"", ""exteriorType"": ""Brick"", ""floorCount"": 2, ""garage"": true, ""garageSpaces"": 2, ""garageType"": ""Attached"", ""unitCount"": 1, ""heating"": true, ""heatingType"": ""Forced Air"", ""roomCount"": 9}",Single Family,R
99,"{""cooling"": true, ""coolingType"": ""Package"", ""exteriorType"": ""Siding"", ""floorCount"": 1, ""foundationType"": ""Footing"", ""heating"": true, ""heatingType"": ""Central"", ""roofType"": ""Composition Shingle"", ""unitCount"": 1}",Single Family,R2
100,"{""garage"": true, ""garageSpaces"": 1, ""garageType"": ""Garage"", ""unitCount"": 1}",Single Family,R-2:MINOR MULTIPLE
101,"{""architectureType"": ""Conventional"", ""cooling"": true, ""coolingType"": ""Central"", ""exteriorType"": ""Aluminum / Vinyl Siding"", ""fireplace"": true, ""floorCount"": 2, ""foundationType"": ""Slab / Mat / Raft"", ""heating"": true, ""heatingType"": ""Central"", ""roofType"": ""Composition Shingle"", ""roomCount"": 6, ""unitCount"": 1}",Single Family,R-15
102,"{""architectureType"": ""Mobile Home"", ""cooling"": true, ""coolingType"": ""Central"", ""exteriorType"": ""Vinyl"", ""fireplace"": true, ""floorCount"": 1, ""foundationType"": ""Other"", ""heating"": true, ""heatingType"": ""Central"", ""roofType"": ""Metal"", ""unitCount"": 1}",Single Family,A
103,"{""cooling"": true, ""coolingType"": ""Central"", ""exteriorType"": ""Brick"", ""fireplace"": true, ""floorCount"": 1, ""foundationType"": ""Concrete"", ""garage"": true, ""garageType"": ""Carport"", ""heating"": true, ""heatingType"": ""Central"", ""roofType"": ""Asphalt"", ""roomCount"": 5, ""unitCount"": 1, ""architectureType"": ""Traditional""}",Single Family,R75
104,"{""cooling"": true, ""coolingType"": ""Central"", ""exteriorType"": ""Brick"", ""fireplace"": true, ""floorCount"": 2, ""foundationType"": ""Slab / Mat / Raft"", ""garage"": true, ""garageSpaces"": 2, ""garageType"": ""Detached"", ""heating"": true, ""pool"": true, ""roofType"": ""Other"", ""roomCount"": 8, ""unitCount"": 1}",Single Family,MULTI-ZONE
105,"{""architectureType"": ""Contemporary"", ""cooling"": true, ""coolingType"": ""Central"", ""exteriorType"": ""Stucco"", ""fireplace"": true, ""floorCount"": 1, ""foundationType"": ""Pier"", ""garage"": true, ""garageSpaces"": 2, ""garageType"": ""Attached Garage"", ""heating"": true, ""heatingType"": ""Forced Air"", ""pool"": true, ""roofType"": ""Asphalt"", ""roomCount"": 6, ""unitCount"": 1}",Single Family,Unknown
106,"{""architectureType"": ""Ranch"", ""cooling"": true, ""coolingType"": ""Commercial"", ""exteriorType"": ""Aluminum / Vinyl Siding"", ""fireplace"": true, ""fireplaceType"": ""Single"", ""floorCount"": 1, ""foundationType"": ""OTHER"", ""garage"": true, ""garageType"": ""Detached"", ""heating"": true, ""heatingType"": ""Forced Air"", ""roofType"": ""Composition Shingle"", ""roomCount"": 5, ""unitCount"": 1}",Single Family,R-1
107,"{""architectureType"": ""2+ Story"", ""cooling"": true, ""coolingType"": ""Central"", ""exteriorType"": ""Stucco"", ""fireplace"": true, ""floorCount"": 2, ""garage"": true, ""garageSpaces"": 1, ""garageType"": ""Built-in"", ""heating"": true, ""heatingType"": ""Forced Air"", ""pool"": true, ""roofType"": ""Composition Shingle"", ""roomCount"": 6, ""unitCount"": 1}",Single Family,Unknown
108,"{""architectureType"": ""Condo / Apartment"", ""cooling"": true, ""coolingType"": ""Commercial"", ""exteriorType"": ""Other"", ""floorCount"": 1, ""foundationType"": ""Concrete"", ""garage"": true, ""garageSpaces"": 1, ""garageType"": ""Garage"", ""roofType"": ""Built-up"", ""roomCount"": 2}",Condo,U/12/12 - MULTI-LUO
109,"{""cooling"": true, ""coolingType"": ""Central"", ""floorCount"": 2, ""foundationType"": ""Slab / Mat / Raft"", ""garage"": true, ""garageType"": ""Attached"", ""heating"": true, ""heatingType"": ""Forced Air"", ""roofType"": ""Asphalt""}",Single Family,Unknown
110,"{""architectureType"": ""Duplex"", ""exteriorType"": ""Brick"", ""floorCount"": 1, ""heating"": true, ""heatingType"": ""Gravity"", ""roofType"": ""Asphalt""}",Duplex-Triplex,R2
111,"{""architectureType"": ""Two Family"", ""cooling"": true, ""coolingType"": ""Central"", ""exteriorType"": ""Masonry"", ""floorCount"": 2, ""garage"": true, ""garageSpaces"": 2, ""garageType"": ""Detached Garage"", ""roofType"": ""Tar & Gravel"", ""unitCount"": 3}",Apartment,Unknown
112,"{""cooling"": true, ""coolingType"": ""Central"", ""exteriorType"": ""Combination"", ""floorCount"": 1, ""foundationType"": ""Slab / Mat / Raft"", ""garage"": true, ""garageSpaces"": 2, ""garageType"": ""Attached"", ""heating"": true, ""heatingType"": ""Central"", ""roofType"": ""Fiberglass"", ""unitCount"": 1}",Single Family,Unknown
113,"{""architectureType"": ""Condo / Apartment"", ""cooling"": true, ""coolingType"": ""Refrigeration"", ""exteriorType"": ""Wood"", ""floorCount"": 4, ""heating"": true, ""heatingType"": ""Forced Air"", ""roofType"": ""Tile"", ""roomCount"": 4}",Condo,Unknown
114,"{""exteriorType"": ""Aluminum / Vinyl Siding"", ""foundationType"": ""Block"", ""heating"": true, ""heatingType"": ""Radiant"", ""roofType"": ""Gravel"", ""unitCount"": 1, ""garage"": true, ""garageType"": ""Attached""}",Single Family,Unknown
115,"{""cooling"": true, ""coolingType"": ""Central"", ""exteriorType"": ""Brick"", ""fireplace"": true, ""floorCount"": 1, ""garage"": true, ""garageType"": ""Garage"", ""heating"": true, ""heatingType"": ""Forced Air"", ""roofType"": ""Composition Shingle"", ""unitCount"": 1}",Single Family,Unknown
116,"{""cooling"": true, ""exteriorType"": ""Concrete Block"", ""floorCount"": 1}",Apartment,RS-8
117,"{""exteriorType"": ""Brick"", ""fireplace"": true, ""floorCount"": 2, ""garage"": true, ""garageSpaces"": 2, ""garageType"": ""Attached Garage"", ""heating"": true, ""heatingType"": ""Forced Air"", ""pool"": true, ""roomCount"": 8, ""unitCount"": 1}",Single Family,A1: AGRICULTURE
118,"{""architectureType"": ""Conventional"", ""cooling"": true, ""coolingType"": ""Commercial"", ""exteriorType"": ""Aluminum / Vinyl Siding"", ""floorCount"": 1, ""heating"": true, ""roofType"": ""Metal"", ""roomCount"": 6}",Single Family,R6
119,"{""floorCount"": 2, ""garage"": true, ""garageType"": ""Garage"", ""roomCount"": 8, ""unitCount"": 1}",Single Family,Unknown
120,"{""architectureType"": ""Traditional"", ""cooling"": true, ""coolingType"": ""Central"", ""exteriorType"": ""Brick Veneer"", ""fireplace"": true, ""floorCount"": 1, ""foundationType"": ""Slab / Mat / Raft"", ""garage"": true, ""garageType"": ""Attached"", ""heating"": true, ""heatingType"": ""Central"", ""roofType"": ""Composition Shingle"", ""unitCount"": 1}",Single Family,Unknown
121,"{""architectureType"": ""Ranch"", ""exteriorType"": ""Metal"", ""fireplace"": true, ""floorCount"": 1, ""foundationType"": ""OTHER"", ""garage"": true, ""garageSpaces"": 3, ""garageType"": ""Attached"", ""heating"": true, ""heatingType"": ""Forced Air"", ""roofType"": ""Composition Shingle"", ""roomCount"": 4, ""unitCount"": 1}",Single Family,Unknown
122,"{""architectureType"": ""Colonial"", ""exteriorType"": ""Asbestos Shingle"", ""floorCount"": 2, ""garage"": true, ""garageSpaces"": 2, ""garageType"": ""Detached"", ""heating"": true, ""heatingType"": ""Forced Air"", ""roofType"": ""Asphalt"", ""roomCount"": 10, ""unitCount"": 1}",Land,2F
123,"{""cooling"": true, ""coolingType"": ""Central"", ""exteriorType"": ""Brick Veneer"", ""foundationType"": ""Slab / Mat / Raft"", ""garage"": true, ""garageSpaces"": 2, ""garageType"": ""Garage"", ""heating"": true, ""heatingType"": ""Central"", ""unitCount"": 1}",Single Family,0038
124,"{""architectureType"": ""Ranch"", ""exteriorType"": ""Wood"", ""floorCount"": 1, ""heating"": true, ""heatingType"": ""Forced Air"", ""unitCount"": 1}",Single Family,CK MAP
125,"{""unitCount"": 24}",Apartment,Unknown
126,"{""architectureType"": ""Colonial"", ""cooling"": true, ""coolingType"": ""Central"", ""exteriorType"": ""Brick"", ""fireplace"": true, ""floorCount"": 2, ""heating"": true, ""heatingType"": ""Central"", ""roomCount"": 8, ""unitCount"": 1}",Single Family,Unknown
127,"{""architectureType"": ""Conventional"", ""cooling"": true, ""coolingType"": ""Central"", ""exteriorType"": ""Brick Veneer"", ""fireplace"": true, ""floorCount"": 2, ""foundationType"": ""Stone"", ""garage"": true, ""garageType"": ""Attached"", ""heating"": true, ""heatingType"": ""Hot Water"", ""roofType"": ""Slate"", ""unitCount"": 1}",Single Family,Unknown
128,"{""architectureType"": ""Condo / Apartment"", ""garage"": true, ""garageSpaces"": 2, ""garageType"": ""Garage""}",Condo,Unknown
129,"{""architectureType"": ""Spanish"", ""cooling"": true, ""coolingType"": ""Commercial"", ""exteriorType"": ""Brick Veneer"", ""floorCount"": 1, ""garage"": true, ""garageSpaces"": 2, ""garageType"": ""Attached"", ""heating"": true, ""heatingType"": ""Forced Air"", ""roomCount"": 5, ""unitCount"": 1}",Single Family,Unknown
130,"{""architectureType"": ""Contemporary"", ""cooling"": true, ""coolingType"": ""Central"", ""exteriorType"": ""Stucco"", ""floorCount"": 2, ""garage"": true, ""garageSpaces"": 2, ""garageType"": ""Garage"", ""heating"": true, ""heatingType"": ""Central"", ""roofType"": ""Composition Shingle"", ""unitCount"": 1}",Single Family,PD
131,"{""floorCount"": 1, ""garage"": true, ""garageSpaces"": 1, ""garageType"": ""Garage"", ""heating"": true, ""heatingType"": ""Floor / Wall"", ""unitCount"": 1}",Single Family,LAR1
132,"{""cooling"": true, ""coolingType"": ""Refrigeration"", ""exteriorType"": ""Wood"", ""floorCount"": 1, ""garage"": true, ""garageSpaces"": 4, ""garageType"": ""Garage"", ""heating"": true, ""heatingType"": ""Gravity"", ""roofType"": ""Other"", ""unitCount"": 1}",Single Family,PAD
133,"{""architectureType"": ""Split Level"", ""cooling"": true, ""coolingType"": ""Commercial"", ""exteriorType"": ""Metal"", ""fireplace"": true, ""floorCount"": 2, ""heating"": true, ""heatingType"": ""Forced Air"", ""roofType"": ""Composition Shingle"", ""roomCount"": 8, ""unitCount"": 1}",Single Family,R12C(R-12 W/CLUSTER DEV)
134,"{""cooling"": true, ""coolingType"": ""Central"", ""exteriorType"": ""Wood"", ""garage"": true, ""garageType"": ""Attached"", ""heating"": true, ""heatingType"": ""Central""}",Single Family,Unknown
135,"{""cooling"": true, ""coolingType"": ""Commercial"", ""fireplace"": true, ""floorCount"": 2, ""foundationType"": ""Slab / Mat / Raft"", ""garage"": true, ""garageSpaces"": 2, ""garageType"": ""Attached"", ""heating"": true, ""heatingType"": ""Central"", ""roofType"": ""Composition Shingle"", ""unitCount"": 1}",Single Family,Unknown
136,NaN,Townhouse,Unknown
137,"{""architectureType"": ""Ranch"", ""cooling"": true, ""coolingType"": ""Central"", ""exteriorType"": ""Stucco"", ""floorCount"": 1, ""garage"": true, ""garageSpaces"": 2, ""garageType"": ""Attached"", ""heating"": true, ""heatingType"": ""Forced Air"", ""pool"": true, ""poolType"": ""Pool and Hot Tub / Spa"", ""roofType"": ""Asphalt"", ""unitCount"": 1}",Single Family,Unknown
138,"{""architectureType"": ""Condo / Apartment"", ""roomCount"": 4, ""unitCount"": 1}",Condo,M1
139,"{""architectureType"": ""Condo / Apartment"", ""cooling"": true, ""coolingType"": ""Central"", ""exteriorType"": ""Brick Veneer"", ""fireplace"": true, ""floorCount"": 2, ""foundationType"": ""Slab / Mat / Raft"", ""garage"": true, ""garageSpaces"": 1, ""garageType"": ""Carport"", ""heating"": true, ""heatingType"": ""Central"", ""roofType"": ""Composition Shingle"", ""unitCount"": 1}",Single Family,Z239
140,"{""foundationType"": ""Slab / Mat / Raft"", ""garage"": true, ""garageType"": ""Attached"", ""roofType"": ""Composition Shingle""}",Single Family,Unknown
141,"{""cooling"": true, ""coolingType"": ""Central""}",Single Family,Unknown
142,"{""architectureType"": ""Ranch"", ""cooling"": true, ""coolingType"": ""Commercial"", ""exteriorType"": ""Adobe"", ""fireplace"": true, ""floorCount"": 1, ""garage"": true, ""garageType"": ""Detached"", ""heating"": true, ""heatingType"": ""Forced Air"", ""roomCount"": 5, ""unitCount"": 1}",Single Family,Unknown
143,"{""cooling"": true, ""coolingType"": ""Central"", ""exteriorType"": ""Brick Veneer"", ""fireplace"": true, ""floorCount"": 1, ""foundationType"": ""Slab / Mat / Raft"", ""garage"": true, ""garageType"": ""Attached"", ""heating"": true, ""heatingType"": ""Central"", ""roofType"": ""Composition Shingle"", ""unitCount"": 1}",Single Family,Z220
144,"{""architectureType"": ""Condo / Apartment"", ""cooling"": true, ""coolingType"": ""Commercial"", ""exteriorType"": ""Vinyl"", ""fireplace"": true, ""floorCount"": 2, ""garage"": true, ""garageSpaces"": 2, ""garageType"": ""Basement"", ""heating"": true, ""heatingType"": ""Forced Air"", ""roomCount"": 6, ""unitCount"": 1}",Condo,RM-2.5
145,"{""cooling"": true, ""coolingType"": ""Central"", ""floorCount"": 1, ""garage"": true, ""garageType"": ""Garage"", ""roomCount"": 5, ""unitCount"": 2}",Single Family,R3
146,"{""architectureType"": ""Condo / Apartment"", ""cooling"": true, ""coolingType"": ""Central"", ""exteriorType"": ""Concrete"", ""floorCount"": 2, ""foundationType"": ""Slab / Mat / Raft"", ""garage"": true, ""garageSpaces"": 2, ""garageType"": ""Attached"", ""heating"": true, ""heatingType"": ""Central"", ""roofType"": ""Composition Shingle""}",Condo,Unknown
147,"{""architectureType"": ""Triplex"", ""fireplace"": true, ""floorCount"": 1, ""garage"": true, ""garageSpaces"": 1, ""garageType"": ""Carport"", ""heating"": true, ""heatingType"": ""Electric"", ""unitCount"": 1}",Single Family,LR1 (M)
148,"{""cooling"": true, ""coolingType"": ""Central"", ""fireplace"": true, ""floorCount"": 1, ""garage"": true, ""garageSpaces"": 2, ""garageType"": ""Attached"", ""heating"": true, ""heatingType"": ""Central"", ""roofType"": ""Tile"", ""unitCount"": 1}",Single Family,Unknown
149,"{""cooling"": true, ""coolingType"": ""Commercial"", ""exteriorType"": ""Stucco"", ""floorCount"": 2, ""garage"": true, ""garageType"": ""Garage"", ""heating"": true, ""heatingType"": ""Forced Air"", ""roofType"": ""Tile"", ""unitCount"": 1, ""viewType"": ""Water""}",Single Family,R1
150,"{""cooling"": true, ""coolingType"": ""Central"", ""exteriorType"": ""Aluminum / Vinyl Siding"", ""fireplace"": true, ""fireplaceType"": ""Single"", ""floorCount"": 2, ""foundationType"": ""Raised"", ""heating"": true, ""heatingType"": ""Forced Air"", ""roofType"": ""Asphalt"", ""roomCount"": 7, ""unitCount"": 1}",Single Family,R-3
151,"{""architectureType"": ""Conventional"", ""cooling"": true, ""coolingType"": ""Central"", ""exteriorType"": ""Combination"", ""floorCount"": 1, ""garage"": true, ""garageType"": ""Garage"", ""heating"": true, ""heatingType"": ""Baseboard"", ""roomCount"": 4}",Condo,Unknown
152,"{""architectureType"": ""Conventional"", ""cooling"": true, ""coolingType"": ""Commercial"", ""exteriorType"": ""Brick"", ""fireplace"": true, ""fireplaceType"": ""2 Story"", ""floorCount"": 1, ""garage"": true, ""garageSpaces"": 1, ""garageType"": ""Attached"", ""heating"": true, ""heatingType"": ""Forced Air"", ""roofType"": ""Composition Shingle"", ""unitCount"": 1}",Single Family,RSF95
153,"{""floorCount"": 2, ""garage"": true, ""garageType"": ""Garage"", ""roomCount"": 7, ""unitCount"": 1}",Single Family,Unknown
154,"{""architectureType"": ""Contemporary"", ""cooling"": true, ""coolingType"": ""Central"", ""exteriorType"": ""Stucco"", ""floorCount"": 1, ""garage"": true, ""garageType"": ""Garage"", ""heating"": true, ""heatingType"": ""Central"", ""roofType"": ""Composition Shingle"", ""unitCount"": 1}",Single Family,PD
155,"{""cooling"": true, ""coolingType"": ""Central"", ""exteriorType"": ""Brick / Stone"", ""fireplace"": true, ""fireplaceType"": ""Masonry"", ""floorCount"": 1, ""foundationType"": ""Crawl / Raised"", ""garage"": true, ""garageSpaces"": 2, ""garageType"": ""Attached Garage"", ""heating"": true, ""heatingType"": ""Hot Water"", ""roofType"": ""Asphalt"", ""roomCount"": 6}",Single Family,Unknown
156,"{""architectureType"": ""Ranch"", ""exteriorType"": ""Aluminum / Vinyl Siding"", ""fireplace"": true, ""floorCount"": 1, ""garage"": true, ""garageType"": ""Attached"", ""heating"": true, ""heatingType"": ""Hot Water"", ""roofType"": ""Shingle"", ""roomCount"": 5, ""unitCount"": 1}",Single Family,R-10
157,"{""architectureType"": ""Conventional"", ""cooling"": true, ""coolingType"": ""Commercial"", ""exteriorType"": ""OTHER"", ""fireplace"": true, ""floorCount"": 2, ""garage"": true, ""garageSpaces"": 2, ""garageType"": ""Attached"", ""heating"": true, ""heatingType"": ""Forced Air"", ""roofType"": ""Composition Shingle"", ""roomCount"": 8, ""unitCount"": 1}",Single Family,R100CSO-SINGLE-FAMILY CON
158,"{""cooling"": true, ""coolingType"": ""Central"", ""exteriorType"": ""Brick"", ""floorCount"": 2, ""foundationType"": ""Slab / Mat / Raft"", ""garage"": true, ""garageSpaces"": 2, ""garageType"": ""Detached"", ""heating"": true, ""heatingType"": ""Central"", ""unitCount"": 1}",Single Family,Unknown
159,"{""architectureType"": ""Cape Cod"", ""exteriorType"": ""Asbestos Shingle"", ""floorCount"": 2, ""foundationType"": ""Other"", ""garage"": true, ""garageSpaces"": 1, ""garageType"": ""Detached"", ""heating"": true, ""heatingType"": ""Forced Air"", ""roofType"": ""Asphalt"", ""roomCount"": 6, ""unitCount"": 1}",Single Family,NC5
160,"{""architectureType"": ""Townhouse"", ""cooling"": true, ""coolingType"": ""Commercial"", ""exteriorType"": ""Wood"", ""fireplace"": true, ""fireplaceType"": ""2 Story"", ""floorCount"": 2, ""garage"": true, ""garageType"": ""Garage"", ""heating"": true, ""heatingType"": ""Forced Air"", ""roofType"": ""Composition Shingle"", ""unitCount"": 1}",Single Family,R60
161,"{""exteriorType"": ""Wood"", ""floorCount"": 2, ""garage"": true, ""roofType"": ""Asphalt""}",Apartment,Unknown
162,"{""architectureType"": ""Contemporary"", ""fireplace"": true, ""floorCount"": 2, ""heating"": true, ""heatingType"": ""Forced Air"", ""roofType"": ""Composition Shingle"", ""roomCount"": 8}",Single Family,Unknown
163,"{""cooling"": true, ""coolingType"": ""Refrigeration"", ""exteriorType"": ""Wood"", ""floorCount"": 1, ""garage"": true, ""garageSpaces"": 2, ""garageType"": ""Garage"", ""heating"": true, ""heatingType"": ""Forced Air"", ""pool"": true, ""roofType"": ""Asphalt"", ""roomCount"": 6, ""unitCount"": 1}",Single Family,R-6
164,"{""architectureType"": ""Condo / Apartment"", ""cooling"": true, ""coolingType"": ""Commercial"", ""heating"": true, ""heatingType"": ""Central"", ""pool"": true, ""unitCount"": 1}",Condo,LAR4
165,"{""cooling"": true, ""coolingType"": ""Commercial"", ""exteriorType"": ""Brick"", ""fireplace"": true, ""floorCount"": 2, ""garage"": true, ""garageSpaces"": 1, ""garageType"": ""Built-in"", ""heating"": true, ""heatingType"": ""Forced Air"", ""roofType"": ""Composition Shingle"", ""unitCount"": 1, ""architectureType"": ""Split Level""}",Single Family,R90
166,"{""architectureType"": ""Split Level"", ""cooling"": true, ""coolingType"": ""Central"", ""exteriorType"": ""Wood"", ""fireplace"": true, ""floorCount"": 2, ""foundationType"": ""Concrete Block"", ""heating"": true, ""heatingType"": ""Forced Air"", ""roofType"": ""Metal"", ""roomCount"": 12}",Single Family,R-B
167,"{""cooling"": true, ""coolingType"": ""Refrigeration"", ""exteriorType"": ""Stucco"", ""floorCount"": 1, ""heating"": true, ""heatingType"": ""Forced Air"", ""roofType"": ""Composition Shingle""}",Single Family,Unknown
168,"{""architectureType"": ""Condo / Apartment"", ""cooling"": true, ""coolingType"": ""Central"", ""heating"": true, ""heatingType"": ""Hot Water"", ""roomCount"": 5, ""unitCount"": 1}",Condo,Unknown
169,"{""architectureType"": ""Condo / Apartment"", ""unitCount"": 1}",Condo,RM
170,"{""cooling"": true, ""coolingType"": ""Refrigeration"", ""exteriorType"": ""Stucco"", ""floorCount"": 1, ""garage"": true, ""garageSpaces"": 3, ""garageType"": ""Garage"", ""heating"": true, ""heatingType"": ""Forced Air"", ""pool"": true, ""roofType"": ""Other"", ""roomCount"": 9, ""unitCount"": 1}",Single Family,R-9
171,"{""architectureType"": ""Mobile Home""}",Manufactured,Unknown
172,"{""architectureType"": ""Conventional"", ""floorCount"": 2, ""garage"": true, ""garageSpaces"": 1, ""garageType"": ""Garage"", ""heating"": true, ""heatingType"": ""Central"", ""roomCount"": 9, ""unitCount"": 1}",Single Family,CARS*
173,"{""floorCount"": 1, ""foundationType"": ""Raised"", ""heating"": true, ""heatingType"": ""Central"", ""roofType"": ""Metal"", ""roomCount"": 4}",Single Family,Unknown
174,"{""architectureType"": ""Conventional"", ""cooling"": true, ""coolingType"": ""Central"", ""exteriorType"": ""Brick"", ""floorCount"": 1, ""garage"": true, ""garageSpaces"": 1, ""garageType"": ""Basement"", ""heating"": true, ""roomCount"": 5, ""unitCount"": 1}",Single Family,Unknown
175,"{""architectureType"": ""Ranch"", ""cooling"": true, ""coolingType"": ""Commercial"", ""exteriorType"": ""Wood"", ""fireplace"": true, ""floorCount"": 1, ""foundationType"": ""OTHER"", ""garage"": true, ""garageType"": ""Attached"", ""heating"": true, ""heatingType"": ""Forced Air"", ""roofType"": ""Composition Shingle"", ""roomCount"": 5, ""unitCount"": 1}",Single Family,Unknown
176,"{""architectureType"": ""Ranch"", ""cooling"": true, ""coolingType"": ""Central"", ""exteriorType"": ""Aluminum Siding"", ""floorCount"": 1, ""garage"": true, ""garageType"": ""Detached"", ""heating"": true, ""heatingType"": ""Central"", ""roomCount"": 5, ""unitCount"": 1}",Single Family,Unknown
177,"{""architectureType"": ""Conventional"", ""cooling"": true, ""coolingType"": ""Central"", ""exteriorType"": ""Wood"", ""floorCount"": 2, ""garage"": true, ""garageSpaces"": 4, ""garageType"": ""Garage"", ""heating"": true, ""heatingType"": ""Baseboard"", ""roomCount"": 7, ""unitCount"": 1}",Single Family,Unknown
178,"{""cooling"": true, ""coolingType"": ""Refrigeration"", ""exteriorType"": ""Block"", ""floorCount"": 1, ""garage"": true, ""garageSpaces"": 2, ""garageType"": ""Carport"", ""heating"": true, ""heatingType"": ""Forced Air"", ""roofType"": ""Asphalt"", ""roomCount"": 9, ""unitCount"": 1, ""viewType"": ""Excellent""}",Single Family,R-6
179,"{""architectureType"": ""Condo / Apartment"", ""cooling"": true, ""coolingType"": ""Central"", ""exteriorType"": ""Aluminum / Vinyl Siding"", ""floorCount"": 1, ""heating"": true, ""heatingType"": ""Forced Air"", ""roomCount"": 4, ""unitCount"": 1}",Condo,107R3
180,"{""cooling"": true, ""coolingType"": ""Commercial"", ""fireplace"": true, ""floorCount"": 1, ""garage"": true, ""garageSpaces"": 2, ""garageType"": ""Attached Garage"", ""roomCount"": 7, ""unitCount"": 1}",Single Family,Unknown
181,"{""architectureType"": ""A-Frame"", ""cooling"": true, ""coolingType"": ""Commercial"", ""exteriorType"": ""Stucco"", ""fireplace"": true, ""floorCount"": 2, ""foundationType"": ""OTHER"", ""garage"": true, ""garageType"": ""Built-in"", ""heating"": true, ""heatingType"": ""Forced Air"", ""roofType"": ""Shingle"", ""roomCount"": 7, ""unitCount"": 1}",Single Family,Unknown
182,"{""cooling"": true, ""coolingType"": ""Central"", ""exteriorType"": ""Stucco"", ""floorCount"": 1, ""foundationType"": ""OTHER"", ""garage"": true, ""garageType"": ""Garage"", ""heating"": true, ""heatingType"": ""Forced Air"", ""roofType"": ""Composition Shingle""}",Single Family,Unknown
183,"{""architectureType"": ""Duplex"", ""floorCount"": 2, ""garage"": true, ""garageType"": ""Garage"", ""unitCount"": 2}",Duplex-Triplex,R6
184,"{""cooling"": true, ""coolingType"": ""Refrigeration"", ""exteriorType"": ""Wood"", ""floorCount"": 2, ""garage"": true, ""garageSpaces"": 2, ""garageType"": ""Garage"", ""heating"": true, ""heatingType"": ""Forced Air"", ""roofType"": ""Other"", ""roomCount"": 5, ""unitCount"": 1}",Single Family,M-H
185,"{""architectureType"": ""Cape Cod"", ""exteriorType"": ""Brick"", ""floorCount"": 1, ""garage"": true, ""garageType"": ""Garage"", ""heating"": true, ""heatingType"": ""Central"", ""roofType"": ""Shingle"", ""roomCount"": 6, ""unitCount"": 1}",Single Family,Unknown
186,"{""architectureType"": ""Ranch"", ""cooling"": true, ""coolingType"": ""Central"", ""exteriorType"": ""Stucco"", ""floorCount"": 1, ""garage"": true, ""garageType"": ""Attached"", ""heating"": true, ""heatingType"": ""Forced Air"", ""roofType"": ""Asphalt"", ""unitCount"": 1}",Single Family,RS-1
187,"{""architectureType"": ""Conventional"", ""cooling"": true, ""coolingType"": ""Commercial"", ""exteriorType"": ""Combination"", ""fireplace"": true, ""floorCount"": 2, ""garage"": true, ""garageSpaces"": 2, ""garageType"": ""Attached"", ""heating"": true, ""heatingType"": ""Forced Air"", ""roofType"": ""Composition Shingle"", ""roomCount"": 9, ""unitCount"": 1}",Single Family,R100CSO-SINGLE-FAMILY CON
188,"{""architectureType"": ""Traditional"", ""cooling"": true, ""coolingType"": ""Central"", ""exteriorType"": ""Shingle (Not Wood)"", ""floorCount"": 1, ""foundationType"": ""Slab"", ""garage"": true, ""garageSpaces"": 2, ""garageType"": ""Attached"", ""heating"": true, ""heatingType"": ""Central"", ""roomCount"": 6, ""unitCount"": 1}",Single Family,Unknown
189,"{""cooling"": true, ""coolingType"": ""Central"", ""exteriorType"": ""Brick Veneer"", ""fireplace"": true, ""floorCount"": 1, ""foundationType"": ""Slab / Mat / Raft"", ""garage"": true, ""garageSpaces"": 2, ""garageType"": ""Detached"", ""heating"": true, ""heatingType"": ""Central"", ""roofType"": ""Composition Shingle"", ""unitCount"": 1}",Single Family,Z314
190,"{""architectureType"": ""Other"", ""cooling"": true, ""coolingType"": ""Commercial"", ""exteriorType"": ""Brick"", ""fireplace"": true, ""floorCount"": 2, ""heating"": true, ""heatingType"": ""Heat Pump"", ""roofType"": ""Composition Shingle"", ""roomCount"": 4, ""unitCount"": 1}",Single Family,R2- URBAN RES
191,"{""architectureType"": ""Conventional"", ""cooling"": true, ""coolingType"": ""Commercial"", ""exteriorType"": ""Brick"", ""fireplace"": true, ""floorCount"": 2, ""heating"": true, ""heatingType"": ""Gas"", ""roomCount"": 4, ""unitCount"": 1}",Condo,Unknown
192,"{""cooling"": true, ""coolingType"": ""Commercial"", ""exteriorType"": ""Brick / Stone"", ""floorCount"": 2, ""garage"": true, ""garageSpaces"": 1, ""garageType"": ""Attached"", ""heating"": true, ""pool"": true, ""unitCount"": 1, ""viewType"": ""Average"", ""architectureType"": ""Condo / Apartment""}",Condo,Unknown
193,"{""exteriorType"": ""Brick Veneer"", ""fireplace"": true, ""floorCount"": 1, ""foundationType"": ""Slab / Mat / Raft"", ""garage"": true, ""garageType"": ""Attached"", ""roofType"": ""Composition Shingle"", ""unitCount"": 1}",Single Family,Unknown
194,"{""cooling"": true, ""coolingType"": ""Central"", ""exteriorType"": ""Stucco"", ""floorCount"": 1, ""garage"": true, ""garageType"": ""Attached"", ""heating"": true, ""heatingType"": ""Forced Air"", ""roofType"": ""Tile"", ""roomCount"": 6}",Single Family,Unknown
195,"{""cooling"": true, ""coolingType"": ""Central"", ""exteriorType"": ""Stucco"", ""floorCount"": 2, ""foundationType"": ""Slab / Mat / Raft"", ""garage"": true, ""garageType"": ""Garage"", ""roofType"": ""Tile"", ""unitCount"": 1, ""garageSpaces"": 1}",Single Family,PUD
196,"{""cooling"": true, ""coolingType"": ""Central"", ""exteriorType"": ""Aluminum / Vinyl Siding"", ""floorCount"": 1, ""foundationType"": ""Raised"", ""heating"": true, ""heatingType"": ""Heat Pump"", ""roofType"": ""Composition Shingle"", ""unitCount"": 1}",Single Family,Unknown
197,"{""architectureType"": ""Ranch"", ""cooling"": true, ""coolingType"": ""Central"", ""exteriorType"": ""Aluminum / Vinyl Siding"", ""fireplace"": true, ""fireplaceType"": ""Single"", ""floorCount"": 1, ""garage"": true, ""garageSpaces"": 1, ""garageType"": ""Detached"", ""heating"": true, ""heatingType"": ""Central"", ""roomCount"": 5, ""unitCount"": 1}",Single Family,Unknown
198,"{""cooling"": true, ""coolingType"": ""Commercial"", ""exteriorType"": ""Brick"", ""fireplace"": true, ""floorCount"": 1, ""heating"": true, ""heatingType"": ""Forced Air"", ""pool"": true, ""roofType"": ""Shingle (Not Wood)"", ""roomCount"": 10, ""unitCount"": 1, ""poolType"": ""In-Ground Vinyl Pool""}",Single Family,Unknown
199,"{""architectureType"": ""Raised Ranch"", ""cooling"": true, ""coolingType"": ""Central"", ""exteriorType"": ""Aluminum / Vinyl Siding"", ""floorCount"": 1, ""foundationType"": ""Block"", ""garage"": true, ""garageSpaces"": 1, ""garageType"": ""Basement"", ""heating"": true, ""heatingType"": ""Central"", ""roofType"": ""Composition Shingle"", ""roomCount"": 4, ""unitCount"": 1}",Single Family,Unknown
200,"{""cooling"": true, ""coolingType"": ""Commercial"", ""exteriorType"": ""Brick"", ""fireplace"": true, ""floorCount"": 1, ""foundationType"": ""Slab / Mat / Raft"", ""garage"": true, ""garageType"": ""Mixed"", ""heating"": true, ""heatingType"": ""Forced Air"", ""roofType"": ""Composition Shingle"", ""unitCount"": 1}",Single Family,A3
201,"{""cooling"": true, ""coolingType"": ""Commercial"", ""exteriorType"": ""Siding"", ""fireplace"": true, ""floorCount"": 2, ""foundationType"": ""Footing"", ""heating"": true, ""heatingType"": ""Central"", ""roofType"": ""Composition Shingle"", ""unitCount"": 1}",Single Family,Unknown
202,"{""cooling"": true, ""coolingType"": ""Central"", ""floorCount"": 2, ""garage"": true, ""garageSpaces"": 2, ""garageType"": ""Garage"", ""heating"": true, ""heatingType"": ""Central"", ""unitCount"": 1}",Single Family,Unknown
203,"{""cooling"": true, ""coolingType"": ""Central"", ""exteriorType"": ""Brick"", ""floorCount"": 1, ""foundationType"": ""Slab / Mat / Raft"", ""garage"": true, ""garageType"": ""Carport"", ""heating"": true, ""heatingType"": ""Central"", ""roofType"": ""Composition Shingle"", ""unitCount"": 1}",Single Family,RS
204,"{""exteriorType"": ""Wood"", ""floorCount"": 2, ""unitCount"": 1}",Single Family,Unknown
205,"{""architectureType"": ""Contemporary"", ""cooling"": true, ""coolingType"": ""Commercial"", ""floorCount"": 1, ""garage"": true, ""garageSpaces"": 1, ""garageType"": ""Carport"", ""heating"": true, ""heatingType"": ""Central"", ""roomCount"": 8, ""unitCount"": 1}",Single Family,LARE15
206,"{""architectureType"": ""Conventional"", ""cooling"": true, ""coolingType"": ""Central"", ""exteriorType"": ""Frame / Masonry / Veneer"", ""fireplace"": true, ""fireplaceType"": ""Prefab"", ""floorCount"": 1, ""garage"": true, ""garageType"": ""Attached"", ""heating"": true, ""heatingType"": ""Central"", ""roofType"": ""Composition Shingle"", ""unitCount"": 1}",Single Family,R1
207,"{""architectureType"": ""Ranch"", ""cooling"": true, ""coolingType"": ""Commercial"", ""floorCount"": 1, ""heating"": true, ""heatingType"": ""Forced Air""}",Single Family,R1B
208,"{""cooling"": true, ""coolingType"": ""Central"", ""fireplace"": true, ""floorCount"": 1, ""garage"": true, ""garageType"": ""Attached"", ""heating"": true, ""heatingType"": ""Central"", ""roofType"": ""Composition Shingle"", ""roomCount"": 5, ""unitCount"": 1}",Single Family,Unknown
209,"{""architectureType"": ""Condo / Apartment"", ""cooling"": true, ""floorCount"": 2, ""garage"": true, ""garageSpaces"": 1, ""garageType"": ""Garage"", ""heating"": true, ""heatingType"": ""Forced Air"", ""coolingType"": ""Commercial""}",Condo,RM-1
210,"{""architectureType"": ""Old Style"", ""cooling"": true, ""coolingType"": ""Commercial"", ""exteriorType"": ""Aluminum / Vinyl Siding"", ""floorCount"": 2, ""foundationType"": ""Stone"", ""garage"": true, ""garageSpaces"": 2, ""garageType"": ""Carport"", ""heating"": true, ""heatingType"": ""Forced Air"", ""roofType"": ""Composition Shingle"", ""roomCount"": 9, ""unitCount"": 1}",Single Family,R3
211,"{""exteriorType"": ""Stucco"", ""floorCount"": 1, ""foundationType"": ""Concrete Block"", ""garage"": true, ""garageSpaces"": 1, ""garageType"": ""Detached"", ""heating"": true, ""heatingType"": ""Forced Air"", ""roofType"": ""Shingle"", ""roomCount"": 5}",Single Family,R-B
212,"{""cooling"": true, ""coolingType"": ""Commercial"", ""exteriorType"": ""Vinyl"", ""fireplace"": true, ""floorCount"": 1, ""foundationType"": ""OTHER"", ""garage"": true, ""garageType"": ""Attached"", ""heating"": true, ""heatingType"": ""Forced Air"", ""roofType"": ""Asphalt""}",Single Family,Unknown
213,"{""unitCount"": 1, ""architectureType"": ""Mobile Home""}",Manufactured,RR
214,"{""architectureType"": ""Condo / Apartment"", ""cooling"": true, ""coolingType"": ""Central"", ""exteriorType"": ""Stucco"", ""floorCount"": 1, ""garage"": true, ""garageSpaces"": 1, ""garageType"": ""Carport"", ""heating"": true, ""heatingType"": ""Central"", ""roofType"": ""Composition Shingle"", ""unitCount"": 1, ""pool"": true}",Condo,PD
215,"{""architectureType"": ""Townhouse"", ""cooling"": true, ""coolingType"": ""Central"", ""exteriorType"": ""Brick Veneer"", ""fireplace"": true, ""fireplaceType"": ""Prefab"", ""floorCount"": 1, ""foundationType"": ""Footing"", ""garage"": true, ""garageSpaces"": 2, ""garageType"": ""Garage"", ""heating"": true, ""heatingType"": ""Heat Pump"", ""roofType"": ""Composition Shingle"", ""unitCount"": 1, ""pool"": true, ""poolType"": ""Community Pool""}",Single Family,"R-15,RESIDENTIAL DISTRICT"
216,"{""cooling"": true, ""coolingType"": ""Central"", ""exteriorType"": ""Stucco"", ""floorCount"": 1, ""foundationType"": ""Slab / Mat / Raft"", ""garage"": true, ""garageType"": ""Mixed"", ""heating"": true, ""heatingType"": ""Central"", ""pool"": true, ""roofType"": ""Asphalt"", ""unitCount"": 1}",Single Family,RS2
217,"{""cooling"": true, ""coolingType"": ""Refrigeration"", ""exteriorType"": ""Stucco"", ""floorCount"": 2, ""garage"": true, ""garageSpaces"": 2, ""garageType"": ""Garage"", ""heating"": true, ""roofType"": ""Concrete"", ""pool"": true, ""poolType"": ""Community Pool""}",Single Family,R-4
218,"{""cooling"": true, ""coolingType"": ""Commercial"", ""exteriorType"": ""Aluminum / Vinyl Siding"", ""floorCount"": 2, ""foundationType"": ""Block"", ""heating"": true, ""roofType"": ""Composition Shingle"", ""roomCount"": 7}",Single Family,Unknown
219,"{""architectureType"": ""Other"", ""exteriorType"": ""Wood"", ""floorCount"": 1, ""foundationType"": ""OTHER"", ""garage"": true, ""garageSpaces"": 1, ""garageType"": ""Detached"", ""heating"": true, ""heatingType"": ""Forced Air"", ""roofType"": ""Composition Shingle"", ""unitCount"": 1}",Single Family,R5
220,"{""architectureType"": ""Townhouse"", ""cooling"": true, ""coolingType"": ""Central"", ""exteriorType"": ""Aluminum / Vinyl Siding"", ""fireplace"": true, ""fireplaceType"": ""Prefab"", ""floorCount"": 2, ""heating"": true, ""heatingType"": ""Central"", ""roomCount"": 6, ""unitCount"": 1}",Single Family,MD
221,"{""cooling"": true, ""coolingType"": ""Central"", ""exteriorType"": ""Stucco"", ""floorCount"": 1, ""foundationType"": ""Footing"", ""garage"": true, ""garageType"": ""Garage"", ""heating"": true, ""heatingType"": ""Central"", ""roofType"": ""Composition Shingle"", ""unitCount"": 1}",Single Family,Unknown
222,"{""exteriorType"": ""Brick"", ""floorCount"": 2, ""roomCount"": 6, ""unitCount"": 1, ""viewType"": ""Average""}",Single Family,RM1
223,"{""cooling"": true, ""coolingType"": ""Commercial"", ""exteriorType"": ""Stucco"", ""floorCount"": 1, ""foundationType"": ""Slab / Mat / Raft"", ""garage"": true, ""garageType"": ""Attached"", ""heating"": true, ""heatingType"": ""Forced Air"", ""roofType"": ""Roll Composition"", ""roomCount"": 5, ""unitCount"": 1}",Single Family,RSF3.5 SINGLE FAM. RES.
224,"{""architectureType"": ""Condo / Apartment""}",Condo,"6400:COMMERCIAL,CENTRAL"
225,"{""architectureType"": ""Ranch"", ""cooling"": true, ""coolingType"": ""Central"", ""exteriorType"": ""Brick"", ""floorCount"": 1, ""foundationType"": ""Raised"", ""garage"": true, ""garageType"": ""Carport"", ""heating"": true, ""heatingType"": ""Electric"", ""roomCount"": 6, ""unitCount"": 1}",Single Family,Unknown
226,"{""cooling"": true, ""coolingType"": ""Central"", ""floorCount"": 1, ""foundationType"": ""OTHER"", ""garage"": true, ""garageType"": ""Carport"", ""heating"": true, ""heatingType"": ""Central"", ""roofType"": ""Composition Shingle""}",Single Family,Unknown
227,"{""cooling"": true, ""exteriorType"": ""Concrete"", ""fireplace"": true, ""floorCount"": 1, ""foundationType"": ""Slab / Mat / Raft"", ""heating"": true, ""roofType"": ""Wood Shingle""}",Single Family,Unknown
228,"{""cooling"": true, ""coolingType"": ""Central"", ""exteriorType"": ""Brick Veneer"", ""floorCount"": 2, ""foundationType"": ""Concrete"", ""garage"": true, ""garageSpaces"": 1, ""garageType"": ""Attached"", ""heating"": true, ""heatingType"": ""Central"", ""roofType"": ""Composition Shingle"", ""unitCount"": 1}",Single Family,Unknown
229,"{""cooling"": true, ""coolingType"": ""Central"", ""exteriorType"": ""Composition"", ""fireplace"": true, ""floorCount"": 1, ""foundationType"": ""Masonry"", ""heating"": true, ""heatingType"": ""Central"", ""roofType"": ""Aluminum""}",Single Family,MH
230,"{""architectureType"": ""Conventional"", ""cooling"": true, ""coolingType"": ""Central"", ""exteriorType"": ""Wood"", ""floorCount"": 2, ""heating"": true, ""heatingType"": ""Electric"", ""roomCount"": 6, ""unitCount"": 1}",Single Family,R5
231,"{""architectureType"": ""Single Story"", ""cooling"": true, ""coolingType"": ""Central"", ""exteriorType"": ""Siding"", ""fireplace"": true, ""fireplaceType"": ""Single"", ""floorCount"": 1, ""garage"": true, ""garageType"": ""Attached"", ""heating"": true, ""heatingType"": ""Forced Air"", ""roofType"": ""Composition Shingle"", ""unitCount"": 1}",Single Family,R2
232,"{""cooling"": true, ""coolingType"": ""Central"", ""exteriorType"": ""Aluminum / Vinyl Siding"", ""floorCount"": 1, ""foundationType"": ""Raised"", ""garage"": true, ""garageType"": ""Attached"", ""heating"": true, ""heatingType"": ""Central"", ""roofType"": ""Composition Shingle"", ""roomCount"": 5, ""unitCount"": 1}",Single Family,Unknown
233,"{""architectureType"": ""Ranch"", ""exteriorType"": ""Siding"", ""floorCount"": 1, ""foundationType"": ""OTHER"", ""heating"": true, ""roofType"": ""Composition Shingle"", ""unitCount"": 1}",Single Family,RS3
234,"{""cooling"": true, ""coolingType"": ""Central"", ""exteriorType"": ""Brick Veneer"", ""floorCount"": 1, ""foundationType"": ""OTHER"", ""garage"": true, ""garageSpaces"": 2, ""garageType"": ""Attached"", ""heating"": true, ""heatingType"": ""Central"", ""roofType"": ""Composition Shingle"", ""roomCount"": 7}",Single Family,Unknown
235,"{""architectureType"": ""Conventional"", ""floorCount"": 1, ""garage"": true, ""garageSpaces"": 1, ""garageType"": ""Carport"", ""heating"": true, ""heatingType"": ""Floor / Wall"", ""roofType"": ""Composition Shingle"", ""roomCount"": 5, ""unitCount"": 1}",Single Family,Unknown
236,"{""cooling"": true, ""coolingType"": ""Central"", ""fireplace"": true, ""floorCount"": 1, ""garage"": true, ""garageSpaces"": 1, ""garageType"": ""Garage"", ""heating"": true, ""heatingType"": ""Central"", ""roofType"": ""Tile"", ""unitCount"": 1}",Single Family,R1C
237,"{""exteriorType"": ""Aluminum / Vinyl Siding"", ""floorCount"": 2, ""foundationType"": ""Raised"", ""heating"": true, ""heatingType"": ""Forced Air""}",Single Family,Unknown
238,"{""architectureType"": ""Ranch"", ""cooling"": true, ""coolingType"": ""Commercial"", ""exteriorType"": ""Siding"", ""floorCount"": 1, ""foundationType"": ""Block"", ""garage"": true, ""garageSpaces"": 2, ""garageType"": ""Attached"", ""heating"": true, ""heatingType"": ""Forced Air"", ""roofType"": ""Composition Shingle"", ""unitCount"": 1}",Single Family,R2
239,"{""cooling"": true, ""coolingType"": ""Central"", ""exteriorType"": ""Brick"", ""fireplace"": true, ""floorCount"": 2, ""foundationType"": ""Slab / Mat / Raft"", ""garage"": true, ""garageType"": ""Attached"", ""heating"": true, ""heatingType"": ""Central"", ""roomCount"": 10, ""unitCount"": 1}",Single Family,Unknown
240,"{""exteriorType"": ""Vinyl"", ""floorCount"": 2, ""foundationType"": ""Slab / Mat / Raft"", ""garage"": true, ""garageType"": ""Attached"", ""roofType"": ""Asphalt""}",Single Family,BERKELEY COUNTY - R1
241,"{""unitCount"": 1}",Single Family,Unknown
242,"{""architectureType"": ""Condo / Apartment"", ""cooling"": true, ""coolingType"": ""Commercial"", ""unitCount"": 1}",Condo,CARM25U&D*
243,"{""architectureType"": ""Cape Cod"", ""exteriorType"": ""Wood"", ""fireplace"": true, ""floorCount"": 2, ""heating"": true, ""heatingType"": ""Baseboard""}",Single Family,R-A
244,"{""architectureType"": ""Condo / Apartment"", ""cooling"": true, ""coolingType"": ""Commercial"", ""exteriorType"": ""Concrete"", ""floorCount"": 1, ""garage"": true, ""garageType"": ""Carport"", ""heating"": true, ""unitCount"": 1, ""viewType"": ""Water""}",Condo,Unknown
245,"{""architectureType"": ""Ranch / Rambler"", ""cooling"": true, ""exteriorType"": ""Wood"", ""floorCount"": 1, ""garage"": true, ""garageSpaces"": 2, ""garageType"": ""Attached Garage"", ""heating"": true, ""heatingType"": ""Vent"", ""roofType"": ""Composition Shingle"", ""unitCount"": 1}",Single Family,Unknown
246,"{""cooling"": true, ""coolingType"": ""Central"", ""fireplace"": true, ""floorCount"": 2, ""foundationType"": ""OTHER"", ""garage"": true, ""garageSpaces"": 2, ""garageType"": ""Attached"", ""heating"": true, ""heatingType"": ""Forced Air"", ""pool"": true, ""roofType"": ""Composition Shingle"", ""unitCount"": 1}",Single Family,Unknown
247,"{""cooling"": true, ""coolingType"": ""Central"", ""exteriorType"": ""Aluminum / Vinyl Siding"", ""fireplace"": true, ""fireplaceType"": ""Masonry"", ""floorCount"": 2, ""foundationType"": ""Slab / Mat / Raft"", ""heating"": true, ""heatingType"": ""Forced Air"", ""roofType"": ""Composition Shingle"", ""roomCount"": 6, ""unitCount"": 1}",Single Family,1
248,"{""cooling"": true, ""coolingType"": ""Central"", ""exteriorType"": ""Brick Veneer"", ""fireplace"": true, ""foundationType"": ""Slab / Mat / Raft"", ""garage"": true, ""garageType"": ""Garage"", ""heating"": true, ""heatingType"": ""Central"", ""roofType"": ""Composition Shingle"", ""unitCount"": 1, ""pool"": true, ""poolType"": ""Pool and Hot Tub / Spa""}",Single Family,0038
249,"{""fireplace"": true, ""floorCount"": 2, ""garage"": true, ""garageType"": ""Built-in"", ""unitCount"": 1}",Single Family,Unknown
250,"{""cooling"": true, ""coolingType"": ""Central"", ""exteriorType"": ""Wood"", ""fireplace"": true, ""fireplaceType"": ""Prefab"", ""floorCount"": 2, ""garage"": true, ""garageSpaces"": 2, ""garageType"": ""Garage"", ""heating"": true, ""heatingType"": ""Forced Air"", ""roofType"": ""Composition Shingle"", ""unitCount"": 1}",Single Family,RMD-D
251,"{""cooling"": true, ""coolingType"": ""Central"", ""floorCount"": 1, ""foundationType"": ""Slab / Mat / Raft"", ""garage"": true, ""garageSpaces"": 1, ""garageType"": ""Carport"", ""heating"": true, ""heatingType"": ""Central"", ""roofType"": ""Composition Shingle"", ""roomCount"": 5, ""unitCount"": 1}",Single Family,R-1
252,"{""cooling"": true, ""coolingType"": ""Central"", ""fireplace"": true, ""floorCount"": 1, ""garage"": true, ""garageSpaces"": 2, ""garageType"": ""Attached"", ""heating"": true, ""heatingType"": ""Central"", ""roofType"": ""Composition Shingle"", ""unitCount"": 1}",Single Family,A1
253,"{""architectureType"": ""Mobile Home"", ""fireplace"": true, ""floorCount"": 1, ""heating"": true, ""heatingType"": ""Baseboard"", ""roomCount"": 4, ""unitCount"": 1}",Manufactured,AG
254,{},Land,AR
255,"{""cooling"": true, ""coolingType"": ""Central"", ""exteriorType"": ""Aluminum / Vinyl Siding"", ""fireplace"": true, ""floorCount"": 2, ""garage"": true, ""garageType"": ""Garage"", ""heating"": true, ""heatingType"": ""Central""}",Single Family,RES3
256,"{""architectureType"": ""High Rise"", ""cooling"": true, ""coolingType"": ""Central"", ""exteriorType"": ""Wood Shingle"", ""floorCount"": 2, ""heating"": true, ""heatingType"": ""Forced Air"", ""roomCount"": 4, ""unitCount"": 1}",Single Family,RS
257,"{""architectureType"": ""Colonial"", ""cooling"": true, ""coolingType"": ""Commercial"", ""exteriorType"": ""Aluminum / Vinyl Siding"", ""floorCount"": 2, ""heating"": true, ""heatingType"": ""Forced Air"", ""roomCount"": 6, ""unitCount"": 1}",Single Family,R-12
258,"{""cooling"": true, ""coolingType"": ""Central"", ""exteriorType"": ""Brick"", ""fireplace"": true, ""floorCount"": 2, ""foundationType"": ""Masonry"", ""garage"": true, ""garageType"": ""Attached"", ""heating"": true, ""heatingType"": ""Forced Air"", ""roofType"": ""Wood Shingle"", ""roomCount"": 11, ""unitCount"": 1}",Single Family,MR
259,"{""cooling"": true, ""coolingType"": ""Commercial"", ""exteriorType"": ""Aluminum / Vinyl Siding"", ""floorCount"": 1, ""foundationType"": ""Concrete"", ""heating"": true, ""roofType"": ""Asphalt"", ""roomCount"": 6}",Single Family,Unknown
260,"{""architectureType"": ""Contemporary"", ""cooling"": true, ""coolingType"": ""Central"", ""exteriorType"": ""Other"", ""floorCount"": 1, ""foundationType"": ""Slab / Mat / Raft"", ""garage"": true, ""garageSpaces"": 1, ""garageType"": ""Attached"", ""heating"": true, ""heatingType"": ""Forced Air"", ""roofType"": ""Asphalt"", ""roomCount"": 6, ""unitCount"": 1}",Single Family,Unknown
261,"{""cooling"": true, ""coolingType"": ""Package"", ""exteriorType"": ""Concrete Block"", ""floorCount"": 1, ""foundationType"": ""Footing"", ""garage"": true, ""garageSpaces"": 2, ""garageType"": ""Garage"", ""heating"": true, ""heatingType"": ""Package"", ""pool"": true, ""roofType"": ""Composition Shingle"", ""unitCount"": 1}",Single Family,OPUD
262,"{""architectureType"": ""Conventional"", ""cooling"": true, ""coolingType"": ""Central"", ""exteriorType"": ""Combination"", ""fireplace"": true, ""fireplaceType"": ""Masonry"", ""floorCount"": 2, ""foundationType"": ""Slab / Mat / Raft"", ""garage"": true, ""garageSpaces"": 1, ""garageType"": ""Detached"", ""heating"": true, ""heatingType"": ""Forced Air"", ""roofType"": ""Composition Shingle"", ""roomCount"": 3, ""unitCount"": 1}",Single Family,R-10 STALLINGS
263,"{""cooling"": true, ""exteriorType"": ""Aluminum / Vinyl Siding"", ""floorCount"": 2, ""foundationType"": ""Footing"", ""heating"": true, ""heatingType"": ""Package"", ""roofType"": ""Composition Shingle"", ""unitCount"": 1, ""coolingType"": ""Commercial""}",Single Family,HDR
264,"{""cooling"": true, ""coolingType"": ""Commercial"", ""exteriorType"": ""Other"", ""floorCount"": 1, ""foundationType"": ""Pile"", ""garage"": true, ""garageType"": ""Carport"", ""heating"": true, ""heatingType"": ""Forced Air"", ""pool"": true, ""poolType"": ""Public / Municipal / Commercial Pool"", ""roofType"": ""Metal"", ""unitCount"": 1}",Single Family,Unknown
265,"{""architectureType"": ""Condo / Apartment"", ""fireplace"": true, ""floorCount"": 2, ""garage"": true, ""garageSpaces"": 1, ""garageType"": ""Mixed"", ""unitCount"": 45, ""viewType"": ""Good""}",Condo,"R 2800, OP"
266,"{""architectureType"": ""Traditional"", ""exteriorType"": ""Aluminum / Vinyl Siding"", ""floorCount"": 2, ""heating"": true, ""heatingType"": ""Hot Water"", ""unitCount"": 1}",Single Family,120
267,"{""architectureType"": ""Ranch"", ""cooling"": true, ""coolingType"": ""Commercial"", ""exteriorType"": ""Siding"", ""fireplace"": true, ""floorCount"": 1, ""foundationType"": ""OTHER"", ""garage"": true, ""garageSpaces"": 2, ""garageType"": ""Attached"", ""heating"": true, ""heatingType"": ""Forced Air"", ""roofType"": ""Composition Shingle"", ""roomCount"": 7, ""unitCount"": 1}",Single Family,R1-6 AO
268,"{""architectureType"": ""Old Style"", ""cooling"": true, ""coolingType"": ""Central"", ""exteriorType"": ""Brick / Stone"", ""floorCount"": 2, ""garage"": true, ""garageType"": ""Detached"", ""roofType"": ""Shingle"", ""unitCount"": 1}",Single Family,Unknown
269,"{""architectureType"": ""Conventional"", ""cooling"": true, ""coolingType"": ""Central"", ""exteriorType"": ""Wood Siding"", ""floorCount"": 1, ""foundationType"": ""Crawl / Raised"", ""heating"": true, ""heatingType"": ""Central"", ""roofType"": ""Composition Shingle""}",Single Family,R5A-RESIDENTIAL MULTI-FAM
270,"{""floorCount"": 2, ""unitCount"": 1}",Single Family,R75
271,"{""architectureType"": ""Condo / Apartment"", ""cooling"": true, ""coolingType"": ""Central"", ""floorCount"": 2, ""foundationType"": ""Slab / Mat / Raft"", ""garage"": true, ""garageSpaces"": 2, ""garageType"": ""Garage"", ""heating"": true, ""heatingType"": ""Central""}",Condo,Unknown
272,{},Single Family,C5-2
273,"{""architectureType"": ""Ranch"", ""cooling"": true, ""coolingType"": ""Central"", ""exteriorType"": ""Stucco"", ""floorCount"": 1, ""garage"": true, ""garageType"": ""Garage"", ""heating"": true, ""heatingType"": ""Forced Air"", ""roofType"": ""Asphalt""}",Single Family,R1-D
274,"{""cooling"": true, ""coolingType"": ""Refrigeration"", ""exteriorType"": ""Stucco"", ""floorCount"": 1, ""foundationType"": ""Slab / Mat / Raft"", ""garage"": true, ""garageType"": ""Attached"", ""roofType"": ""Roll Composition"", ""roomCount"": 8}",Single Family,R5
275,"{""architectureType"": ""Traditional"", ""cooling"": true, ""coolingType"": ""Commercial"", ""exteriorType"": ""Concrete"", ""fireplace"": true, ""floorCount"": 2, ""foundationType"": ""Stone"", ""garage"": true, ""garageType"": ""Garage"", ""heating"": true, ""heatingType"": ""Forced Air"", ""roofType"": ""Composition Shingle"", ""unitCount"": 1}",Single Family,SF10
276,"{""cooling"": true, ""coolingType"": ""Central"", ""exteriorType"": ""Stucco"", ""floorCount"": 1, ""foundationType"": ""Slab"", ""roofType"": ""Composition Shingle"", ""unitCount"": 1}",Single Family,R-1
277,"{""architectureType"": ""Split Entry"", ""cooling"": true, ""coolingType"": ""Commercial"", ""exteriorType"": ""Aluminum / Vinyl Siding"", ""fireplace"": true, ""floorCount"": 1, ""garage"": true, ""garageType"": ""Attached"", ""heating"": true, ""heatingType"": ""Steam"", ""roomCount"": 6, ""unitCount"": 1}",Single Family,G
278,"{""architectureType"": ""Townhouse"", ""exteriorType"": ""OTHER"", ""fireplace"": true, ""fireplaceType"": ""Single"", ""floorCount"": 1, ""foundationType"": ""OTHER"", ""garage"": true, ""garageSpaces"": 1, ""garageType"": ""Attached"", ""heating"": true, ""heatingType"": ""Hot Water"", ""roofType"": ""Wood Shingle"", ""roomCount"": 5, ""unitCount"": 1}",Condo,Unknown
279,"{""cooling"": true, ""coolingType"": ""Central"", ""exteriorType"": ""OTHER"", ""fireplace"": true, ""fireplaceType"": ""Masonry"", ""floorCount"": 1, ""foundationType"": ""Slab / Mat / Raft"", ""heating"": true, ""heatingType"": ""Forced Air"", ""roofType"": ""Composition Shingle"", ""roomCount"": 5, ""unitCount"": 1, ""architectureType"": ""Ranch""}",Single Family,R-20 UNION COUNTY
280,"{""cooling"": true, ""coolingType"": ""Package"", ""exteriorType"": ""Other"", ""fireplace"": true, ""floorCount"": 2, ""garage"": true, ""garageSpaces"": 3, ""garageType"": ""Attached"", ""heating"": true, ""heatingType"": ""Floor / Wall"", ""roofType"": ""Asphalt"", ""roomCount"": 11, ""unitCount"": 1}",Single Family,Unknown
281,"{""cooling"": true, ""coolingType"": ""Commercial"", ""fireplace"": true, ""fireplaceType"": ""Single"", ""floorCount"": 2, ""foundationType"": ""Raised"", ""garage"": true, ""garageType"": ""Attached"", ""heating"": true, ""heatingType"": ""Central"", ""roofType"": ""Asphalt""}",Single Family,Unknown
282,"{""floorCount"": 1}",Single Family,Unknown
283,"{""architectureType"": ""Ranch"", ""cooling"": true, ""coolingType"": ""Commercial"", ""exteriorType"": ""Aluminum / Vinyl Siding"", ""floorCount"": 1, ""foundationType"": ""Slab / Mat / Raft"", ""garage"": true, ""garageSpaces"": 2, ""garageType"": ""Attached"", ""heating"": true, ""heatingType"": ""Forced Air"", ""roofType"": ""Shingle"", ""roomCount"": 6, ""unitCount"": 1}",Single Family,8933
284,"{""architectureType"": ""Colonial"", ""cooling"": true, ""coolingType"": ""Central"", ""exteriorType"": ""Aluminum / Vinyl Siding"", ""fireplace"": true, ""floorCount"": 2, ""garage"": true, ""garageSpaces"": 2, ""garageType"": ""Attached Garage"", ""heating"": true, ""heatingType"": ""Central"", ""pool"": true, ""poolType"": ""In-Ground Vinyl Pool"", ""unitCount"": 1}",Single Family,02 - SINGLE RESIDENCE
285,"{""architectureType"": ""2+ Story"", ""cooling"": true, ""coolingType"": ""Central"", ""exteriorType"": ""Stucco"", ""fireplace"": true, ""floorCount"": 2, ""garage"": true, ""garageSpaces"": 1, ""garageType"": ""Built-in"", ""heating"": true, ""heatingType"": ""Forced Air"", ""roofType"": ""Tile"", ""roomCount"": 8, ""unitCount"": 1}",Single Family,Unknown
286,"{""architectureType"": ""Conventional"", ""exteriorType"": ""Combination"", ""fireplace"": true, ""floorCount"": 3, ""foundationType"": ""Pile"", ""heating"": true, ""heatingType"": ""Heat Pump""}",Single Family,PD
287,"{""architectureType"": ""Raised Ranch"", ""exteriorType"": ""Aluminum / Vinyl Siding"", ""floorCount"": 1, ""heating"": true, ""heatingType"": ""Forced Air"", ""roofType"": ""Composition Shingle"", ""unitCount"": 1}",Single Family,Unknown
288,"{""architectureType"": ""Contemporary"", ""exteriorType"": ""Asbestos Shingle"", ""floorCount"": 1, ""foundationType"": ""Pier / Post & Beam"", ""heating"": true, ""heatingType"": ""Floor / Wall"", ""roofType"": ""Asphalt"", ""roomCount"": 5, ""unitCount"": 1}",Single Family,Unknown
289,"{""architectureType"": ""Condo / Apartment"", ""garage"": true, ""garageSpaces"": 2, ""garageType"": ""Garage"", ""unitCount"": 1}",Condo,R-1:SINGLE FAM-RES
290,"{""cooling"": true, ""coolingType"": ""Central"", ""exteriorType"": ""Brick"", ""floorCount"": 1, ""foundationType"": ""Block"", ""garage"": true, ""garageType"": ""Carport"", ""heating"": true, ""heatingType"": ""Heat Pump"", ""roofType"": ""Composition Shingle"", ""roomCount"": 6, ""unitCount"": 1}",Single Family,RS-25
291,"{""cooling"": true, ""coolingType"": ""Commercial"", ""exteriorType"": ""Brick / Stone"", ""fireplace"": true, ""floorCount"": 1, ""foundationType"": ""Stone"", ""heating"": true, ""heatingType"": ""Forced Air"", ""roofType"": ""Composition Shingle"", ""architectureType"": ""Quadruplex""}",Duplex-Triplex,SF10
292,"{""exteriorType"": ""Brick"", ""floorCount"": 2, ""roomCount"": 6, ""unitCount"": 1, ""viewType"": ""Average""}",Townhouse,RSA5
293,"{""exteriorType"": ""Stucco"", ""floorCount"": 1, ""heating"": true, ""heatingType"": ""Floor / Wall"", ""roofType"": ""Composition Shingle"", ""unitCount"": 1}",Single Family,Unknown
294,"{""architectureType"": ""Condo / Apartment"", ""cooling"": true, ""exteriorType"": ""Combination"", ""floorCount"": 2, ""heating"": true, ""heatingType"": ""Forced Air"", ""unitCount"": 1, ""coolingType"": ""Commercial""}",Condo,R1-B
295,"{""architectureType"": ""Ranch"", ""cooling"": true, ""coolingType"": ""Central"", ""exteriorType"": ""Aluminum / Vinyl Siding"", ""fireplace"": true, ""floorCount"": 1, ""garage"": true, ""garageSpaces"": 2, ""garageType"": ""Attached"", ""heating"": true, ""heatingType"": ""Gas"", ""roomCount"": 6, ""unitCount"": 1}",Single Family,Unknown
296,"{""architectureType"": ""Conventional"", ""cooling"": true, ""coolingType"": ""Central"", ""exteriorType"": ""Wood"", ""floorCount"": 1, ""foundationType"": ""OTHER"", ""heating"": true, ""heatingType"": ""Central"", ""roofType"": ""Asphalt""}",Single Family,2
297,"{""architectureType"": ""Bungalow"", ""exteriorType"": ""Combination"", ""floorCount"": 1, ""garage"": true, ""garageSpaces"": 1, ""garageType"": ""Detached Garage"", ""heating"": true, ""heatingType"": ""Baseboard"", ""roofType"": ""Metal""}",Single Family,Unknown
298,"{""cooling"": true, ""coolingType"": ""Central"", ""exteriorType"": ""Brick Veneer"", ""fireplace"": true, ""fireplaceType"": ""Prefab"", ""floorCount"": 1, ""garage"": true, ""garageSpaces"": 2, ""garageType"": ""Garage"", ""heating"": true, ""heatingType"": ""Forced Air"", ""roofType"": ""Composition Shingle"", ""unitCount"": 1}",Single Family,RLD-60
299,"{""garage"": true, ""garageType"": ""Attached"", ""unitCount"": 1}",Single Family,Unknown
300,"{""architectureType"": ""Conventional"", ""cooling"": true, ""coolingType"": ""Central"", ""exteriorType"": ""Aluminum / Vinyl Siding"", ""floorCount"": 2, ""heating"": true, ""heatingType"": ""Hot Water"", ""roofType"": ""Composition Shingle"", ""roomCount"": 5, ""unitCount"": 1}",Condo,Unknown
301,"{""cooling"": true, ""coolingType"": ""Commercial"", ""exteriorType"": ""Siding"", ""floorCount"": 1, ""foundationType"": ""Footing"", ""heating"": true, ""heatingType"": ""Central"", ""roofType"": ""Composition Shingle"", ""unitCount"": 1}",Single Family,Unknown
302,"{""architectureType"": ""Condo / Apartment"", ""cooling"": true, ""coolingType"": ""Commercial"", ""heating"": true, ""heatingType"": ""Central"", ""unitCount"": 1}",Condo,WCR3-MF15(
303,"{""architectureType"": ""Colonial"", ""exteriorType"": ""Metal"", ""fireplace"": true, ""floorCount"": 2, ""foundationType"": ""Block"", ""heating"": true, ""heatingType"": ""Forced Air"", ""roofType"": ""Asphalt"", ""roomCount"": 8, ""unitCount"": 1}",Single Family,Unknown
304,"{""architectureType"": ""Traditional"", ""exteriorType"": ""Wood"", ""floorCount"": 2, ""garage"": true, ""garageSpaces"": 1, ""garageType"": ""Detached"", ""heating"": true, ""heatingType"": ""Forced Air"", ""unitCount"": 1}",Single Family,Unknown
305,"{""cooling"": true, ""coolingType"": ""Window"", ""exteriorType"": ""Other"", ""floorCount"": 1, ""foundationType"": ""Other"", ""garage"": true, ""garageSpaces"": 2, ""garageType"": ""Detached"", ""heating"": true, ""heatingType"": ""Gas"", ""roofType"": ""Composition Shingle"", ""unitCount"": 1}",Single Family,Z298
306,"{""cooling"": true, ""coolingType"": ""Central"", ""floorCount"": 1, ""garage"": true, ""garageType"": ""Detached"", ""heating"": true, ""heatingType"": ""Central"", ""roofType"": ""Asphalt"", ""roomCount"": 7, ""unitCount"": 1}",Single Family,Unknown
307,"{""cooling"": true, ""coolingType"": ""Central"", ""exteriorType"": ""Stucco"", ""floorCount"": 1, ""garage"": true, ""garageSpaces"": 2, ""garageType"": ""Attached"", ""heating"": true, ""heatingType"": ""Forced Air"", ""pool"": true, ""roofType"": ""Tile"", ""roomCount"": 4, ""unitCount"": 1}",Single Family,Unknown
308,"{""cooling"": true, ""coolingType"": ""Central"", ""floorCount"": 2, ""garage"": true, ""garageType"": ""Attached"", ""heating"": true, ""heatingType"": ""Central"", ""roomCount"": 6}",Single Family,R-1A-PUD
309,"{""architectureType"": ""Bungalow"", ""exteriorType"": ""Aluminum / Vinyl Siding"", ""floorCount"": 1, ""garage"": true, ""garageSpaces"": 3, ""garageType"": ""Garage"", ""heating"": true, ""heatingType"": ""Hot Water"", ""roofType"": ""Asphalt"", ""roomCount"": 6, ""unitCount"": 1}",Single Family,R-2
310,"{""floorCount"": 2, ""garage"": true, ""garageType"": ""Attached"", ""roomCount"": 9}",Single Family,Unknown
311,"{""exteriorType"": ""Aluminum / Vinyl Siding"", ""floorCount"": 2, ""foundationType"": ""Slab / Mat / Raft"", ""garage"": true, ""garageSpaces"": 1, ""garageType"": ""Garage"", ""roofType"": ""Shingle"", ""roomCount"": 8, ""unitCount"": 1, ""architectureType"": ""Bi-Level"", ""cooling"": true, ""coolingType"": ""Commercial"", ""heating"": true, ""heatingType"": ""Forced Air""}",Single Family,R10
312,"{""exteriorType"": ""Combination"", ""fireplace"": true, ""floorCount"": 1, ""foundationType"": ""Concrete"", ""garage"": true, ""garageSpaces"": 2, ""garageType"": ""Built-in Garage"", ""heating"": true, ""heatingType"": ""Forced Air"", ""roofType"": ""Composition Shingle""}",Single Family,RM7.5
313,"{""architectureType"": ""Townhouse"", ""cooling"": true, ""coolingType"": ""Commercial"", ""exteriorType"": ""Wood"", ""floorCount"": 2, ""heating"": true, ""heatingType"": ""Heat Pump"", ""roofType"": ""Composition Shingle"", ""unitCount"": 1}",Single Family,PUD
314,"{""architectureType"": ""Townhouse"", ""cooling"": true, ""coolingType"": ""Commercial"", ""exteriorType"": ""Aluminum / Vinyl Siding"", ""fireplace"": true, ""floorCount"": 2, ""foundationType"": ""Other"", ""garage"": true, ""garageSpaces"": 1, ""garageType"": ""Attached"", ""heating"": true, ""heatingType"": ""Forced Air"", ""roofType"": ""Asphalt"", ""roomCount"": 5, ""unitCount"": 1}",Single Family,NCPUD
315,"{""exteriorType"": ""Wood"", ""floorCount"": 2, ""garage"": true, ""garageSpaces"": 2, ""garageType"": ""Attached"", ""unitCount"": 1}",Single Family,PUD
316,"{""cooling"": true, ""coolingType"": ""Central"", ""floorCount"": 1, ""garage"": true, ""garageType"": ""Garage"", ""roomCount"": 8, ""unitCount"": 1}",Single Family,PUD
317,"{""architectureType"": ""Conventional"", ""exteriorType"": ""Wood"", ""floorCount"": 2, ""heating"": true, ""heatingType"": ""Hot Water"", ""unitCount"": 1}",Single Family,Unknown
318,"{""cooling"": true, ""coolingType"": ""Central"", ""exteriorType"": ""Brick / Stone"", ""floorCount"": 1, ""garage"": true, ""garageType"": ""Garage"", ""unitCount"": 1}",Single Family,Unknown
319,"{""architectureType"": ""A-Frame"", ""cooling"": true, ""coolingType"": ""Commercial"", ""floorCount"": 1, ""foundationType"": ""Raised"", ""garage"": true, ""garageSpaces"": 1, ""garageType"": ""Attached"", ""heating"": true, ""heatingType"": ""Central"", ""unitCount"": 1}",Single Family,Unknown
320,"{""architectureType"": ""Conventional"", ""cooling"": true, ""coolingType"": ""Central"", ""exteriorType"": ""Aluminum / Vinyl Siding"", ""fireplace"": true, ""floorCount"": 2, ""garage"": true, ""garageType"": ""Garage"", ""heating"": true, ""heatingType"": ""Central"", ""unitCount"": 1, ""pool"": true}",Single Family,R-6
321,"{""architectureType"": ""Condo / Apartment"", ""cooling"": true, ""coolingType"": ""Central"", ""exteriorType"": ""Stucco"", ""floorCount"": 1, ""garage"": true, ""garageSpaces"": 1, ""garageType"": ""Carport"", ""heating"": true, ""heatingType"": ""Forced Air"", ""roofType"": ""Tile"", ""roomCount"": 4, ""unitCount"": 1}",Condo,Unknown
322,"{""cooling"": true, ""coolingType"": ""Central"", ""exteriorType"": ""Brick Veneer"", ""floorCount"": 1, ""foundationType"": ""Slab / Mat / Raft"", ""heating"": true, ""heatingType"": ""Central"", ""roofType"": ""Shingle"", ""roomCount"": 10, ""unitCount"": 1}",Single Family,Unknown
323,"{""architectureType"": ""Condo / Apartment"", ""cooling"": true, ""coolingType"": ""Central"", ""exteriorType"": ""Concrete Block"", ""floorCount"": 1, ""foundationType"": ""Retaining Wall"", ""heating"": true, ""heatingType"": ""Central"", ""roofType"": ""Shingle"", ""unitCount"": 1}",Condo,Unknown
324,"{""architectureType"": ""Condo / Apartment"", ""heating"": true, ""heatingType"": ""Central"", ""unitCount"": 1}",Condo,LNR2*
325,"{""architectureType"": ""Ranch"", ""cooling"": true, ""coolingType"": ""Central"", ""exteriorType"": ""Brick Veneer"", ""fireplace"": true, ""fireplaceType"": ""Single"", ""floorCount"": 1, ""foundationType"": ""Slab / Mat / Raft"", ""garage"": true, ""garageType"": ""Attached"", ""heating"": true, ""heatingType"": ""Central"", ""pool"": true, ""poolType"": ""Pool and Hot Tub / Spa"", ""roofType"": ""Composition Shingle"", ""unitCount"": 1}",Single Family,RS3
326,"{""floorCount"": 2, ""garage"": true, ""garageSpaces"": 1, ""garageType"": ""Garage"", ""heating"": true, ""roomCount"": 4}",Condo,M1
327,{},Condo,Unknown
328,"{""architectureType"": ""Modular"", ""cooling"": true, ""coolingType"": ""Commercial"", ""exteriorType"": ""Aluminum / Vinyl Siding"", ""foundationType"": ""Pier / Post & Beam"", ""heating"": true, ""roofType"": ""Asphalt"", ""roomCount"": 8}",Manufactured,Unknown
329,"{""cooling"": true, ""coolingType"": ""Central"", ""exteriorType"": ""Stucco"", ""floorCount"": 1, ""foundationType"": ""Slab / Mat / Raft"", ""garage"": true, ""garageType"": ""Garage"", ""roofType"": ""Composition Shingle"", ""unitCount"": 1}",Single Family,RS-5
330,"{""architectureType"": ""Conventional"", ""cooling"": true, ""coolingType"": ""Commercial"", ""floorCount"": 1, ""heating"": true, ""heatingType"": ""Floor / Wall"", ""roomCount"": 4, ""unitCount"": 2}",Duplex-Triplex,RU-5(2)
331,"{""architectureType"": ""Condo / Apartment"", ""cooling"": true, ""coolingType"": ""Commercial"", ""heating"": true, ""heatingType"": ""Central"", ""unitCount"": 1}",Condo,LAR5
332,"{""architectureType"": ""Duplex"", ""exteriorType"": ""Stucco"", ""floorCount"": 1, ""roofType"": ""Other"", ""unitCount"": 2}",Duplex-Triplex,"5700:DUPLEXES,GENERAL"
333,"{""architectureType"": ""Contemporary"", ""cooling"": true, ""coolingType"": ""Central"", ""exteriorType"": ""Wood"", ""fireplace"": true, ""floorCount"": 1, ""foundationType"": ""Slab / Mat / Raft"", ""garage"": true, ""garageType"": ""Attached"", ""heating"": true, ""heatingType"": ""Forced Air"", ""roofType"": ""Asphalt"", ""roomCount"": 5, ""unitCount"": 1}",Single Family,Unknown
334,"{""architectureType"": ""Ranch"", ""cooling"": true, ""coolingType"": ""Commercial"", ""exteriorType"": ""Brick Veneer"", ""floorCount"": 1, ""foundationType"": ""Other"", ""heating"": true, ""heatingType"": ""Forced Air"", ""roofType"": ""Asphalt"", ""roomCount"": 6, ""unitCount"": 1, ""pool"": true}",Single Family,R1
335,"{""floorCount"": 1, ""garage"": true, ""garageSpaces"": 2, ""garageType"": ""Garage"", ""roomCount"": 5, ""unitCount"": 1}",Single Family,Unknown
336,"{""cooling"": true, ""coolingType"": ""Other"", ""exteriorType"": ""Aluminum / Vinyl Siding"", ""floorCount"": 2, ""foundationType"": ""Pier / Post & Beam"", ""garage"": true, ""garageType"": ""Garage"", ""heating"": true, ""heatingType"": ""Floor / Wall"", ""roofType"": ""Slate"", ""roomCount"": 7}",Single Family,Unknown
337,"{""architectureType"": ""Ranch"", ""exteriorType"": ""Stucco"", ""fireplace"": true, ""floorCount"": 1, ""foundationType"": ""OTHER"", ""heating"": true, ""heatingType"": ""Forced Air"", ""roofType"": ""Composition Shingle"", ""roomCount"": 8, ""unitCount"": 1}",Single Family,R1-6
338,"{""architectureType"": ""Condo / Apartment""}",Single Family,Unknown
339,"{""architectureType"": ""Conventional"", ""floorCount"": 1, ""garage"": true, ""garageSpaces"": 1, ""garageType"": ""Detached"", ""heating"": true, ""heatingType"": ""Floor / Wall"", ""roofType"": ""Composition Shingle"", ""roomCount"": 5, ""unitCount"": 1}",Single Family,Unknown
340,"{""architectureType"": ""Conventional"", ""cooling"": true, ""exteriorType"": ""Brick Veneer"", ""fireplace"": true, ""floorCount"": 1, ""heating"": true, ""roofType"": ""Composition Shingle"", ""roomCount"": 6, ""unitCount"": 1}",Single Family,R-6
341,"{""cooling"": true, ""coolingType"": ""Central"", ""exteriorType"": ""Brick"", ""fireplace"": true, ""floorCount"": 1, ""foundationType"": ""Slab / Mat / Raft"", ""garage"": true, ""garageSpaces"": 2, ""garageType"": ""Attached"", ""heating"": true, ""heatingType"": ""Central"", ""roomCount"": 7, ""unitCount"": 1}",Single Family,Unknown
342,"{""architectureType"": ""Conventional"", ""cooling"": true, ""coolingType"": ""Central"", ""exteriorType"": ""Aluminum / Vinyl Siding"", ""fireplace"": true, ""floorCount"": 2, ""foundationType"": ""Crawl / Raised"", ""garage"": true, ""garageSpaces"": 1, ""garageType"": ""Attached Garage"", ""heating"": true, ""heatingType"": ""Central"", ""roofType"": ""Composition Shingle"", ""roomCount"": 8}",Single Family,R-8
343,"{""floorCount"": 2, ""garage"": true, ""garageSpaces"": 2, ""garageType"": ""Garage"", ""roomCount"": 6, ""unitCount"": 1, ""viewType"": ""Average""}",Single Family,Unknown
344,"{""architectureType"": ""Townhouse"", ""cooling"": true, ""coolingType"": ""Commercial"", ""exteriorType"": ""Brick"", ""fireplace"": true, ""floorCount"": 3, ""garage"": true, ""garageType"": ""Garage"", ""heating"": true, ""heatingType"": ""Space / Suspended"", ""unitCount"": 1}",Condo,R-8
345,"{""cooling"": true, ""coolingType"": ""Commercial"", ""exteriorType"": ""Siding"", ""floorCount"": 1, ""foundationType"": ""Footing"", ""heating"": true, ""heatingType"": ""Central"", ""roofType"": ""Composition Shingle"", ""unitCount"": 1}",Single Family,R-2
346,"{""architectureType"": ""Colonial"", ""cooling"": true, ""coolingType"": ""Commercial"", ""exteriorType"": ""Aluminum / Vinyl Siding"", ""fireplace"": true, ""floorCount"": 3, ""foundationType"": ""Block"", ""garage"": true, ""garageType"": ""Basement"", ""heating"": true, ""heatingType"": ""Forced Air"", ""roofType"": ""Slate"", ""roomCount"": 7, ""unitCount"": 1}",Single Family,Unknown
347,"{""cooling"": true, ""coolingType"": ""Central"", ""exteriorType"": ""Wood Shingle"", ""foundationType"": ""Pier / Post & Beam"", ""heating"": true, ""heatingType"": ""Heat Pump"", ""roofType"": ""Metal""}",Single Family,Unknown
348,"{""cooling"": true, ""coolingType"": ""Central"", ""exteriorType"": ""Brick Veneer"", ""floorCount"": 1, ""foundationType"": ""Slab / Mat / Raft"", ""garage"": true, ""garageSpaces"": 1, ""garageType"": ""Detached"", ""heating"": true, ""heatingType"": ""Central"", ""roofType"": ""Composition Shingle"", ""unitCount"": 1}",Single Family,Z372
349,"{""cooling"": true, ""coolingType"": ""Refrigeration"", ""floorCount"": 1, ""garage"": true, ""garageSpaces"": 2, ""garageType"": ""Attached"", ""heating"": true, ""heatingType"": ""Forced Air"", ""unitCount"": 1}",Single Family,R-1
350,"{""architectureType"": ""Condo / Apartment"", ""heating"": true, ""heatingType"": ""Forced Air""}",Condo,Unknown
351,"{""cooling"": true, ""coolingType"": ""Central"", ""floorCount"": 2, ""roomCount"": 12, ""unitCount"": 1, ""architectureType"": ""Split Level""}",Single Family,Unknown
352,"{""architectureType"": ""Traditional"", ""cooling"": true, ""coolingType"": ""Central"", ""exteriorType"": ""Aluminum / Vinyl Siding"", ""floorCount"": 2, ""garage"": true, ""garageType"": ""Detached"", ""heating"": true, ""heatingType"": ""Central""}",Duplex-Triplex,N-3R
353,"{""architectureType"": ""Traditional"", ""cooling"": true, ""coolingType"": ""Central"", ""exteriorType"": ""Brick Veneer"", ""fireplace"": true, ""floorCount"": 1, ""foundationType"": ""Slab / Mat / Raft"", ""garage"": true, ""garageSpaces"": 2, ""garageType"": ""Attached"", ""heating"": true, ""heatingType"": ""Central"", ""pool"": true, ""poolType"": ""Pool, Fiberglass"", ""roomCount"": 5, ""unitCount"": 1}",Single Family,Unknown
354,"{""architectureType"": ""Bungalow"", ""cooling"": true, ""coolingType"": ""Commercial"", ""exteriorType"": ""Brick / Stone"", ""floorCount"": 1, ""garage"": true, ""garageSpaces"": 1, ""garageType"": ""Detached"", ""roofType"": ""Shingle"", ""unitCount"": 1}",Single Family,Unknown
355,"{""cooling"": true, ""coolingType"": ""Refrigeration"", ""exteriorType"": ""Block"", ""floorCount"": 1, ""garage"": true, ""garageSpaces"": 2, ""garageType"": ""Garage"", ""heating"": true, ""heatingType"": ""Forced Air"", ""pool"": true, ""roofType"": ""Asphalt"", ""roomCount"": 7, ""unitCount"": 1}",Single Family,R-7
356,"{""architectureType"": ""Traditional"", ""cooling"": true, ""coolingType"": ""Central"", ""exteriorType"": ""Aluminum / Vinyl Siding"", ""floorCount"": 1, ""foundationType"": ""Slab / Mat / Raft"", ""garage"": true, ""garageType"": ""Garage"", ""heating"": true, ""heatingType"": ""Central"", ""roofType"": ""Composition Shingle""}",Single Family,Unknown
357,"{""architectureType"": ""Conventional"", ""cooling"": true, ""coolingType"": ""Central"", ""exteriorType"": ""Aluminum / Vinyl Siding"", ""floorCount"": 1, ""foundationType"": ""Crawl / Raised"", ""heating"": true, ""heatingType"": ""Central"", ""roomCount"": 9, ""unitCount"": 1}",Single Family,Unknown
358,"{""architectureType"": ""Traditional"", ""cooling"": true, ""coolingType"": ""Commercial"", ""exteriorType"": ""Siding"", ""floorCount"": 1, ""heating"": true, ""heatingType"": ""Forced Air"", ""roofType"": ""Composition Shingle"", ""roomCount"": 7, ""unitCount"": 1}",Single Family,Unknown
359,"{""architectureType"": ""Mobile Home"", ""cooling"": true, ""coolingType"": ""Central"", ""exteriorType"": ""Aluminum / Vinyl Siding"", ""floorCount"": 1, ""heating"": true, ""heatingType"": ""Forced Air"", ""roofType"": ""Asphalt"", ""unitCount"": 1}",Manufactured,RV
